SMILES,Target Sequence,Label
COc1ccc(cc1)N1CCN(CC1)C(=O)c1cc2CSc3ccccc3-c2s1,MCGNTMSVPLLTDAATVSGAERETAAVIFLHGLGDTGHSWADALSTIRLPHVKYICPHAPRIPVTLNMKMVMPSWFDLMGLSPDAPEDEAGIKKAAENIKALIEHEMKNGIPANRIVLGGFAQGGALSLYTALTCPHPLAGIVALSCWLPLHRAFPQAANGSAKDLAILQCHGELDPMVPVRFGALTAEKLRSVVTPARVQFKTYPGVMHSSCPQEMAAVKEFLEKLLPPV,0
CN1CCC[C@H]1[C@H]1COc2ccc(Br)cc2O1,MCGGRGGIWLALAAALLHVSLQGEFQRRLYKELVKNYNPLERPVANDSQPLTVYFSLSLLQIMDVDEKNQVLTTNIWLQMSWTDHYLQWNMSEYPGVKNVRFPDGQIWKPDILLYNSADERFDATFHTNVLVNASGHCQYLPPGIFKSSCYIDVRWFPFDVQQCKLKFGSWSYGGWSLDLQMQEADISSYIPNGEWDLMGIPGKRNEKFYECCKEPYPDVTYTVTMRRRTLYYGLNLLIPCVLISALALLVFLLPADSGEKISLGITVLLSLTVFMLLVAEIMPATSDSVPLIAQYFASTMIIVGLSVVVTVIVLRYHHHDPDGGKMPKWTRIILLNWCAWFLRMKRPGEDKVRPACQHKPRRCSLASVELSAGAGPPTSNGNLLYIGFRGLEGMHCAPTPDSGVVCGRLACSPTHDEHLMHGAHPSDGDPDLAKILEEVRYIANRFRCQDESEVICSEWKFAACVVDRLCLMAFSVFTIICTIGILMSAPNFVEAVSKDFA,1
CC(C)[C@H](NC(=O)[C@H](Cc1ccccc1)NC(=O)c1ccc(Br)cc1)C(=O)N[C@@H](Cc1ccc(O)cc1)C(=O)N[C@@H](CCCC[N+](C)(C)C)C(=O)N[C@@H](CO)C(=O)N[C@@H](CCC(O)=O)C(=O)N[C@@H](CCCCNC(=S)Nc1ccc(c(c1)C(O)=O)-c1c2ccc(O)cc2oc2cc(=O)ccc12)C(N)=O,MELSAVGERVFAAESIIKRRIRKGRIEYLVKWKGWAIKYSTWEPEENILDSRLIAAFEQKERERELYGPKKRGPKPKTFLLKARAQAEALRISDVHFSVKPSASASSPKLHSSAAVHRLKKDIRRCHRMSRRPLPRPDPQGGSPGLRPPISPFSETVRIINRKVKPREPKRNRIILNLKVIDKGAGGGGAGQGAGALARPKVPSRNRVIGKSKKFSESVLRTQIRHMKFGAFALYKPPPAPLVAPSPGKAEASAPGPGLLLAAPAAPYDARSSGSSGCPSPTPQSSDPDDTPPKLLPETVSPSAPSWREPEVLDLSLPPESAATSKRAPPEVTAAAGPAPPTAPEPAGASSEPEAGDWRPEMSPCSNVVVTDVTSNLLTVTIKEFCNPEDFEKVAAGVAGAAGGGGSIGASK,0
Cc1nc(sc1CSc1ccc(OCC(O)=O)c(C)c1)-c1ccc(c(F)c1)C(F)(F)F,MEQPQEEAPEVREEEEKEEVAEAEGAPELNGGPQHALPSSSYTDLSRSSSPPSLLDQLQMGCDGASCGSLNMECRVCGDKASGFHYGVHACEGCKGFFRRTIRMKLEYEKCERSCKIQKKNRNKCQYCRFQKCLALGMSHNAIRFGRMPEAEKRKLVAGLTANEGSQYNPQVADLKAFSKHIYNAYLKNFNMTKKKARSILTGKASHTAPFVIHDIETLWQAEKGLVWKQLVNGLPPYKEISVHVFYRCQCTTVETVRELTEFAKSIPSFSSLFLNDQVTLLKYGVHEAIFAMLASIVNKDGLLVANGSGFVTREFLRSLRKPFSDIIEPKFEFAVKFNALELDDSDLALFIAAIILCGDRPGLMNVPRVEAIQDTILRALEFHLQANHPDAQYLFPKLLQKMADLRQLVTEHAQMMQRIKKTETETSLHPLLQEIYKDMY,1
CCCCCCCC(=O)c1c(O)cc(O)cc1CC(=O)OCC,MPCIQAQYGTPAPSPGPRDHLASDPLTPEFIKPTMDLASPEAAPAAPTALPSFSTFMDGYTGEFDTFLYQLPGTVQPCSSASSSASSTSSSSATSPASASFKFEDFQVYGCYPGPLSGPVDEALSSSGSDYYGSPCSAPSPSTPSFQPPQLSPWDGSFGHFSPSQTYEGLRAWTEQLPKASGPPQPPAFFSFSPPTGPSPSLAQSPLKLFPSQATHQLGEGESYSMPTAFPGLAPTSPHLEGSGILDTPVTSTKARSGAPGGSEGRCAVCGDNASCQHYGVRTCEGCKGFFKRTVQKNAKYICLANKDCPVDKRRRNRCQFCRFQKCLAVGMVKEVVRTDSLKGRRGRLPSKPKQPPDASPANLLTSLVRAHLDSGPSTAKLDYSKFQELVLPHFGKEDAGDVQQFYDLLSGSLEVIRKWAEKIPGFAELSPADQDLLLESAFLELFILRLAYRSKPGEGKLIFCSGLVLHRLQCARGFGDWIDSILAFSRSLHSLLVDVPAFACLSALVLITDRHGLQEPRRVEELQNRIASCLKEHVAAVAGEPQPASCLSRLLGKLPELRTLCTQGLQRIFYLKLEDLVPPPPIIDKIFMDTLPF,0
[O-][N+](=O)c1cc2C(=O)c3ccccc3-c2cc1[N+]([O-])=O,MSGETTRLTEPQLRELAARGAAELDGATATDMLRWTDETFGDIGGAGGGVSGHRGWTTCNYVVASNMADAVLVDLAAKVRPGVPVIFLDTGYHFVETIGTRDAIESVYDVRVLNVTPEHTVAEQDELLGKDLFARNPHECCRLRKVVPLGKTLRGYSAWVTGLRRVDAPTRANAPLVSFDETFKLVKVNPLAAWTDQDVQEYIADNDVLVNPLVREGYPSIGCAPCTAKPAEGADPRSGRWQGLAKTECGLHAS,0
CNCc1ccccc1Sc1cccc2ccccc12,MMVVLLGATTLVLVAVAPWVLSAAAGGKNLKSPQKVEVDIIDDNFILRWNRSDESVGNVTFSFDYQKTGMDNWIKLSGCQNITSTKCNFSSLKLNVYEEIKLRIRAEKENTSSWYEVDSFTPFRKAQIGPPEVHLEAEDKAIVIHISPGTKDSVMWALDGLSFTYSLVIWKNSSGVEERIENIYSRHKIYKLSPETTYCLKVKAALLTSWKIGVYSPVHCIKTTVENELPPPENIEVSVQNQNYVLKWDYTYANMTFQVQWLHAFLKRNPGNHLYKWKQIPDCENVKTTQCVFPQNVFQKGIYLLRVQASDGNNTSFWSEEIKFDTEIQAFLLPPVFNIRSLSDSFHIYIGAPKQSGNTPVIQDYPLIYEIIFWENTSNAERKIIEKKTDVTVPNLKPLTVYCVKARAHTMDEKLNKSSVFSDAVCEKTKPGNTSKIWLIVGICIALFALPFVIYAAKVFLRCINYVFFPSLKPSSSIDEYFSEQPLKNLLLSTSEEQIEKCFIIENISTIATVEETNQTDEDHKKYSSQTSQDSGNYSNEDESESKTSEELQQDFV,0
Oc1ccccc1CNc1ncccc1-c1ncccn1,MSSASGLRRGHPAGGEENMTETDAFYKREMFDPAEKYKMDHRRRGIALIFNHERFFWHLTLPERRGTCADRDNLTRRFSDLGFEVKCFNDLKAEELLLKIHEVSTVSHADADCFVCVFLSHGEGNHIYAYDAKIEIQTLTGLFKGDKCHSLVGKPKIFIIQACRGNQHDVPVIPLDVVDNQTEKLDTNITEVDAASVYTLPAGADFLMCYSVAEGYYSHRETVNGSWYIQDLCEMLGKYGSSLEFTELLTLVNRKVSQRRVDFCKDPSAIGKKQVPCFASMLTKKLHFFPKSN,0
NC(CCCNc1c(N)c(=O)c1=O)COC(=O)NC(CCCNC(N)=N)COC(N)=O,MEPVDPRLEPWKHPGSQPKTACTNCYCKKCCFHCQVCFITKALGISYGRKKRRQRRRAHQNSQTHQASLSKQPTSQPRGDPTGPKE,0
Cn1cc(C(N)=O)c2ccccc12,MNLPTAQEVQGLMARYIELVDVGDIEAIVQMYADDATVEDPFGQPPIHGREQIAAFYRQGLGGGKVRACLTGPVRASHNGCGAMPFRVEMVWNGQPCALDVIDVMRFDEHGRIQTMQAYWSEVNLSVREPQ,0
Fc1cccc(c1)C(=O)N1CC=CC1,MVPPKLHVLFCLCGCLAVVYPFDWQYINPVAHMKSSAWVNKIQVLMAAASFGQTKIPRGNGPYSVGCTDLMFDHTNKGTFLRLYYPSQDNDRLDTLWIPNKEYFWGLSKFLGTHWLMGNILRLLFGSMTTPANWNSPLRPGEKYPLVVFSHGLGAFRTLYSAIGIDLASHGFIVAAVEHRDRSASATYYFKDQSAAEIGDKSWLYLRTLKQEEETHIRNEQVRQRAKECSQALSLILDIDHGKPVKNALDLKFDMEQLKDSIDREKIAVIGHSFGGATVIQTLSEDQRFRCGIALDAWMFPLGDEVYSRIPQPLFFINSEYFQYPANIIKMKKCYSPDKERKMITIRGSVHQNFADFTFATGKIIGHMLKLKGDIDSNVAIDLSNKASLAFLQKHLGLHKDFDQWDCLIEGDDENLIPGTNINTTNQHIMLQNSSGIEKYN,0
O=c1c2ccccc2oc2ccc(cc12)S(=O)(=O)Nc1nnn[nH]1,MPRSLANAPIMILNGPNLNLLGQRQPEIYGSDTLADVEALCVKAAAAHGGTVDFRQSNHEGELVDWIHEARLNHCGIVINPAAYSHTSVAILDALNTCDGLPVVEVHISNIHQREPFRHHSYVSQRADGVVAGCGVQGYVFGVERIAALAGAGSARA,0
O=C(C[C@@H](NS(=O)(=O)c1ccc2ccccc2c1)c1ccccc1)N[C@@H]1CCOc2cc(CN3CCCCC3)ccc12,MASSWPPLELQSSNQSQLFPQNATACDNAPEAWDLLHRVLPTFIISICFFGLLGNLFVLLVFLLPRRQLNVAEIYLANLAASDLVFVLGLPFWAENIWNQFNWPFGALLCRVINGVIKANLFISIFLVVAISQDRYRVLVHPMASRRQQRRRQARVTCVLIWVVGGLLSIPTFLLRSIQAVPDLNITACILLLPHEAWHFARIVELNILGFLLPLAAIVFFNYHILASLRTREEVSRTRCGGRKDSKTTALILTLVVAFLVCWAPYHFFAFLEFLFQVQAVRGCFWEDFIDLGLQLANFFAFTNSSLNPVIYVFVGRLFRTKVWELYKQCTPKSLAPISSSHRKEIFQLFWRN,0
C[N+](C)=c1ccn(Cc2ccc(cc2)-c2ccc(Cn3ccc(cc3)=[N+](C)c3ccc(Cl)cc3)cc2)cc1,MKTKFCTGGEAEPSPLGLLLSCGSGSAAPAPGVGQQRDAASDLESKQLGGQQPPLALPPPPPLPLPLPLPQPPPPQPPADEQPEPRTRRRAYLWCKEFLPGAWRGLREDEFHISVIRGGLSNMLFQCSLPDTTATLGDEPRKVLLRLYGAILQMRSCNKEGSEQAQKENEFQGAEAMVLESVMFAILAERSLGPKLYGIFPQGRLEQFIPSRRLDTEELSLPDISAEIAEKMATFHGMKMPFNKEPKWLFGTMEKYLKEVLRIKFTEESRIKKLHKLLSYNLPLELENLRSLLESTPSPVVFCHNDCQEGNILLLEGRENSEKQKLMLIDFEYSSYNYRGFDIGNHFCEWMYDYSYEKYPFFRANIRKYPTKKQQLHFISSYLPAFQNDFENLSTEEKSIIKEEMLLEVNRFALASHFLWGLWSIVQAKISSIEFGYMDYAQARFDAYFHQKRKLGV,0
NNC(=N)NCCC[C@H](N)C(O)=O,MACPWKFLFKTKFHQYAMNGEKDINNNVEKAPCATSSPVTQDDLQYHNLSKQQNESPQPLVETGKKSPESLVKLDATPLSSPRHVRIKNWGSGMTFQDTLHHKAKGILTCRSKSCLGSIMTPKSLTRGPRDKPTPPDELLPQAIEFVNQYYGSFKEAKIEEHLARVEAVTKEIETTGTYQLTGDELIFATKQAWRNAPRCIGRIQWSNLQVFDARSCSTAREMFEHICRHVRYSTNNGNIRSAITVFPQRSDGKHDFRVWNAQLIRYAGYQMPDGSIRGDPANVEFTQLCIDLGWKPKYGRFDVVPLVLQANGRDPELFEIPPDLVLEVAMEHPKYEWFRELELKWYALPAVANMLLEVGGLEFPGCPFNGWYMGTEIGVRDFCDVQRYNILEEVGRRMGLETHKLASLWKDQAVVEINIAVLHSFQKQNVTIMDHHSAAESFMKYMQNEYRSRGGCPADWIWLVPPMSGSITPVFHQEMLNYVLSPFYYYQVEAWKTHVWQDEKRRPKRREIPLKVLVKAVLFACMLMRKTMASRVRVTILFATETGKSEALAWDLGALFSCAFNPKVVCMDKYRLSCLEEERLLLVVTSTFGNGDCPGNGEKLKKSLFMLKELNNKFRYAVFGLGSSMYPRFCAFAHDIDQKLSHLGASQLTPMGEGDELSGQEDAFRSWAVQTFKAACETFDVRGKQHIQIPKLYTSNVTWDPHHYRLVQDSQPLDLSKALSSMHAKNVFTMRLKSRQNLQSPTSSRATILVELSCEDGQGLNYLPGEHLGVCPGNQPALVQGILERVVDGPTPHQTVRLEALDESGSYWVSDKRLPPCSLSQALTYFLDITTPPTQLLLQKLAQVATEEPERQRLEALCQPSEYSKWKFTNSPTFLEVLEEFPSLRVSAGFLLSQLPILKPRFYSISSSRDHTPTEIHLTVAVVTYHTRDGQGPLHHGVCSTWLNSLKPQDPVPCFVRNASGFHLPEDPSHPCILIGPGTGIAPFRSFWQQRLHDSQHKGVRGGRMTLVFGCRRPDEDHIYQEEMLEMAQKGVLHAVHTAYSRLPGKPKVYVQDILRQQLASEVLRVLHKEPGHLYVCGDVRMARDVAHTLKQLVAAKLKLNEEQVEDYFFQLKSQKRYHEDIFGAVFPYEAKKDRVAVQPSSLEMSAL,0
CSc1ncnc2n(cnc12)[C@@H]1O[C@H](CO)[C@@H](O)[C@H]1O,MADPRPDPDELARRAAQVIADRTGIGEHDVAVVLGSGWLPAVAALGSPTTVLPQAELPGFVPPTAAGHAGELLSVPIGAHRVLVLAGRIHAYEGHDLRYVVHPVRAARAAGAQIMVLTNAAGGLRADLQVGQPVLISDHLNLTARSPLVGGEFVDLTDAYSPRLRELARQSDPQLAEGVYAGLPGPHYETPAEIRMLQTLGADLVGMSTVHETIAARAAGAEVLGVSLVTNLAAGITGEPLSHAEVLAAGAASATRMGALLADVIARF,0
NCCCC[C@@H]1NC(=O)[C@H](CO)NC(=O)[C@H](CO)NC(=O)[C@@H]2CSSC[C@H](NC(=O)[C@@H]3CSSC[C@H](NC(=O)[C@@H](N)CSSC[C@H](NC(=O)[C@H](Cc4c[nH]c5ccccc45)NC1=O)C(=O)N[C@@H](CCCN=C(N)N)C(=O)N[C@@H](CC(O)=O)C(=O)N[C@@H](Cc1cnc[nH]1)C(=O)N[C@@H](CO)C(=O)N[C@@H](CCCN=C(N)N)C(=O)N3)C(=O)N[C@H](CC(N)=O)C(=O)N2)C(N)=O,MARSVLVPPGPDSFRFFTRESLAAIEQRIAEEKAKRPKQERKDEDDENGPKPNSDLEAGKSLPFIYGDIPPEMVSEPLEDLDPYYINKKTFIVLNKGKAISRFSATSALYILTPFNPIRKLAIKILVHSLFNVLIMCTILTNCVFMTMSNPPDWTKNVEYTFTGIYTFESLIKILARGFCLEDFTFLRNPWNWLDFTVITFAYVTEFVNLGNVSALRTFRVLRALKTISVIPGLKTIVGALIQSVKKLSDVMILTVFCLSVFALIGLQLFMGNLRNKCLQWPPDNSTFEINITSFFNNSLDWNGTAFNRTVNMFNWDEYIEDKSHFYFLEGQNDALLCGNSSDAGQCPEGYICVKAGRNPNYGYTSFDTFSWAFLSLFRLMTQDFWENLYQLTLRAAGKTYMIFFVLVIFLGSFYLINLILAVVAMAYEEQNQATLEEAEQKEAEFQQMLEQLKKQQEEAQAAAAAASAESRDFSGAGGIGVFSESSSVASKLSSKSEKELKNRRKKKKQKEQAGEEEKEDAVRKSASEDSIRKKGFQFSLEGSRLTYEKRFSSPHQSLLSIRGSLFSPRRNSRASLFNFKGRVKDIGSENDFADDEHSTFEDNDSRRDSLFVPHRHGERRPSNVSQASRASRGIPTLPMNGKMHSAVDCNGVVSLVGGPSALTSPVGQLLPEGTTTETEIRKRRSSSYHVSMDLLEDPSRQRAMSMASILTNTMEELEESRQKCPPCWYKFANMCLIWDCCKPWLKVKHVVNLVVMDPFVDLAITICIVLNTLFMAMEHYPMTEQFSSVLSVGNLVFTGIFTAEMFLKIIAMDPYYYFQEGWNIFDGFIVSLSLMELGLANVEGLSVLRSFRLLRVFKLAKSWPTLNMLIKIIGNSVGALGNLTLVLAIIVFIFAVVGMQLFGKSYKECVCKISNDCELPRWHMHHFFHSFLIVFRVLCGEWIETMWDCMEVAGQTMCLTVFMMVMVIGNLVVLNLFLALLLSSFSSDNLAATDDDNEMNNLQIAVGRMQKGIDFVKRKIREFIQKAFVRKQKALDEIKPLEDLNNKKDSCISNHTTIEIGKDLNYLKDGNGTTSGIGSSVEKYVVDESDYMSFINNPSLTVTVPIALGESDFENLNTEEFSSESDMEESKEKLNATSSSEGSTVDIGAPAEGEQPEAEPEESLEPEACFTEDCVRKFKCCQISIEEGKGKLWWNLRKTCYKIVEHNWFETFIVFMILLSSGALAFEDIYIEQRKTIKTMLEYADKVFTYIFILEMLLKWVAYGFQMYFTNAWCWLDFLIVDVSLVSLTANALGYSELGAIKSLRTLRALRPLRALSRFEGMRVVVNALLGAIPSIMNVLLVCLIFWLIFSIMGVNLFAGKFYHCINYTTGEMFDVSVVNNYSECQALIESNQTARWKNVKVNFDNVGLGYLSLLQVATFKGWMDIMYAAVDSRNVELQPKYEDNLYMYLYFVIFIIFGSFFTLNLFIGVIIDNFNQQKKKFGGQDIFMTEEQKKYYNAMKKLGSKKPQKPIPRPANKFQGMVFDFVTKQVFDISIMILICLNMVTMMVETDDQSQEMTNILYWINLVFIVLFTGECVLKLISLRHYYFTIGWNIFDFVVVILSIVGMFLAELIEKYFVSPTLFRVIRLARIGRILRLIKGAKGIRTLLFALMMSLPALFNIGLLLFLVMFIYAIFGMSNFAYVKREVGIDDMFNFETFGNSMICLFQITTSAGWDGLLAPILNSGPPDCDPEKDHPGSSVKGDCGNPSVGIFFFVSYIIISFLVVVNMYIAVILENFSVATEESAEPLSEDDFEMFYEVWEKFDPDATQFIEFCKLSDFAAALDPPLLIAKPNKVQLIAMDLPMVSGDRIHCLDILFAFTKRVLGESGEMDALRIQMEERFMASNPSKVSYEPITTTLKRKQEEVSAIVIQRAYRRYLLKQKVKKVSSIYKKDKGKEDEGTPIKEDIITDKLNENSTPEKTDVTPSTTSPPSYDSVTKPEKEKFEKDKSEKEDKGKDIRESKK,1
CC1=C(C=C)\C(NC1=O)=C/c1[nH]c(\C=c2\[nH]\c(=C\C3=NC(=O)C(C=C)=C3C)c(C)c2CCC(O)=O)c(CCC(O)=O)c1C,MTQSNNTGILEKFVNTVMGVKTENQQQPSNTLIATTQALDIRAVLVYKLGTILQIAAMMLALLGMEKLVMLIDKNSHLPSWFSTLLAVLFFALLSIRSRIFSLLDNTRSRKTYDQVIRPRWAPPPLVFPIVWMIIAVLRVISSVLIWQQMHHQFLALPLILFVVHLALGDTWNTIFTVERRLGAAVPVVILGPWLSALVVTAIYWQTNPVAGMIFSFSCIWLTVAAVLVFRIWQLNGSEPLYPLKLTPVEK,0
COc1cc2cc(-c3cccc(c3)-c3ccc(cc3)C(C)(C)C)[n+](C)c(C)c2cc1OC,MLEFEQGFNHLATLKVIGVGGGGNNAVNRMIDHGMNNVEFIAINTDGQALNLSKAESKIQIGEKLTRGLGAGANPEIGKKAAEESREQIEDAIQGADMVFVTSGMGGGTGTGAAPVVAKIAKEMGALTVGVVTRPFSFEGRKRQTQAAAGVEAMKAAVDTLIVIPNDRLLDIVDKSTPMMEAFKEADNVLRQGVQGISDLIAVSGEVNLDFADVKTIMSNQGSALMGIGVSSGENRAVEAAKKAISSPLLETSIVGAQGVLMNITGGESLSLFEAQEAADIVQDAADEDVNMIFGTVINPELQDEIVVTVIATGFDDKPTSHGRKSGSTGFGTSVNTSSNATSKDESFTSNSSNAQATDSVSERTHTTKEDDIPSFIRNREERRSRRTRR,0
CSCC[C@H](NC(=O)[C@H](CC(C)C)NC(=O)[C@H](Cc1c[nH]c2ccccc12)NC(=O)[C@H](CCC(N)=O)NC(=O)[C@@H](NC(=O)[C@H](Cc1ccccc1)NC(=O)[C@H](CC(O)=O)NC(=O)[C@H](CCC(N)=O)NC(=O)[C@H](C)NC(=O)[C@H](CCCNC(N)=N)NC(=O)[C@H](CCCNC(N)=N)NC(=O)[C@H](CO)NC(=O)[C@H](CC(O)=O)NC(=O)[C@H](CC(C)C)NC(=O)[C@H](Cc1ccc(O)cc1)NC(=O)[C@H](CCCCN)NC(=O)[C@H](CO)NC(=O)[C@@H](C)NC(=O)[C@H](CCC(O)=O)NC(=O)[C@H](CO)NC(=O)[C@@H](NC(=O)[C@H](Cc1ccccc1)NC(=O)[C@H](Cc1ccc(O)cc1)NC(=O)CNC(=O)[C@H](CCC(N)=O)NC(=O)[C@@H](N)CO)[C@@H](C)O)C(C)C)C(=O)N[C@@H](CC(N)=O)C(=O)N[C@@H]([C@@H](C)O)C(N)=O,MSGSKSVSPPGYAAQKTAAPAPRGGPEHRSAWGEADSRANGYPHAPGGSARGSTKKPGGAVTPQQQQRLASRWRSDDDDDPPLSGDDPLAGGFGFSFRSKSAWQERGGDDCGRGSRRQRRGAASGGSTRAPPAGGGGGSAAAAASAGGTEVRPRSVEVGLEERRGKGRAADELEAGAVEGGEGSGDGGSSADSGSGAGPGAVLSLGACCLALLQIFRSKKFPSDKLERLYQRYFFRLNQSSLTMLMAVLVLVCLVMLAFHAARPPLQLPYLAVLAAAVGVILIMAVLCNRAAFHQDHMGLACYALIAVVLAVQVVGLLLPQPRSASEGIWWTVFFIYTIYTLLPVRMRAAVLSGVLLSALHLAIALRTNAQDQFLLKQLVSNVLIFSCTNIVGVCTHYPAEVSQRQAFQETRECIQARLHSQRENQQQERLLLSVLPRHVAMEMKADINAKQEDMMFHKIYIQKHDNVSILFADIEGFTSLASQCTAQELVMTLNELFARFDKLAAENHCLRIKILGDCYYCVSGLPEARADHAHCCVEMGMDMIEAISLVREVTGVNVNMRVGIHSGRVHCGVLGLRKWQFDVWSNDVTLANHMEAGGKAGRIHITKATLNYLNGDYEVEPGCGGERNAYLKEHSIETFLILRCTQKRKEEKAMIAKMNRQRTNSIGHNPPHWGAERPFYNHLGGNQVSKEMKRMGFEDPKDKNAQESANPEDEVDEFLGRAIDARSIDRLRSEHVRKFLLTFREPDLEKKYSKQVDDRFGAYVACASLVFLFICFVQITIVPHSIFMLSFYLTCSLLLTLVVFVSVIYSCVKLFPSPLQTLSRKIVRSKMNSTLVGVFTITLVFLAAFVNMFTCNSRDLLGCLAQEHNISASQVNACHVAESAVNYSLGDEQGFCGSPWPNCNFPEYFTYSVLLSLLACSVFLQISCIGKLVLMLAIELIYVLIVEVPGVTLFDNADLLVTANAIDFFNNGTSQCPEHATKVALKVVTPIIISVFVLALYLHAQQVESTARLDFLWKLQATEEKEEMEELQAYNRRLLHNILPKDVAAHFLARERRNDELYYQSCECVAVMFASIANFSEFYVELEANNEGVECLRLLNEIIADFDEIISEDRFRQLEKIKTIGSTYMAASGLNDSTYDKVGKTHIKALADFAMKLMDQMKYINEHSFNNFQMKIGLNIGPVVAGVIGARKPQYDIWGNTVNVASRMDSTGVPDRIQVTTDMYQVLAANTYQLECRGVVKVKGKGEMMTYFLNGGPPLS,0
NC(NO)=NCCC[C@H]([NH3+])C([O-])=O,MACPWKFLFKTKFHQYAMNGEKDINNNVEKAPCATSSPVTQDDLQYHNLSKQQNESPQPLVETGKKSPESLVKLDATPLSSPRHVRIKNWGSGMTFQDTLHHKAKGILTCRSKSCLGSIMTPKSLTRGPRDKPTPPDELLPQAIEFVNQYYGSFKEAKIEEHLARVEAVTKEIETTGTYQLTGDELIFATKQAWRNAPRCIGRIQWSNLQVFDARSCSTAREMFEHICRHVRYSTNNGNIRSAITVFPQRSDGKHDFRVWNAQLIRYAGYQMPDGSIRGDPANVEFTQLCIDLGWKPKYGRFDVVPLVLQANGRDPELFEIPPDLVLEVAMEHPKYEWFRELELKWYALPAVANMLLEVGGLEFPGCPFNGWYMGTEIGVRDFCDVQRYNILEEVGRRMGLETHKLASLWKDQAVVEINIAVLHSFQKQNVTIMDHHSAAESFMKYMQNEYRSRGGCPADWIWLVPPMSGSITPVFHQEMLNYVLSPFYYYQVEAWKTHVWQDEKRRPKRREIPLKVLVKAVLFACMLMRKTMASRVRVTILFATETGKSEALAWDLGALFSCAFNPKVVCMDKYRLSCLEEERLLLVVTSTFGNGDCPGNGEKLKKSLFMLKELNNKFRYAVFGLGSSMYPRFCAFAHDIDQKLSHLGASQLTPMGEGDELSGQEDAFRSWAVQTFKAACETFDVRGKQHIQIPKLYTSNVTWDPHHYRLVQDSQPLDLSKALSSMHAKNVFTMRLKSRQNLQSPTSSRATILVELSCEDGQGLNYLPGEHLGVCPGNQPALVQGILERVVDGPTPHQTVRLEALDESGSYWVSDKRLPPCSLSQALTYFLDITTPPTQLLLQKLAQVATEEPERQRLEALCQPSEYSKWKFTNSPTFLEVLEEFPSLRVSAGFLLSQLPILKPRFYSISSSRDHTPTEIHLTVAVVTYHTRDGQGPLHHGVCSTWLNSLKPQDPVPCFVRNASGFHLPEDPSHPCILIGPGTGIAPFRSFWQQRLHDSQHKGVRGGRMTLVFGCRRPDEDHIYQEEMLEMAQKGVLHAVHTAYSRLPGKPKVYVQDILRQQLASEVLRVLHKEPGHLYVCGDVRMARDVAHTLKQLVAAKLKLNEEQVEDYFFQLKSQKRYHEDIFGAVFPYEAKKDRVAVQPSSLEMSAL,0
c1c2ccccn2c2cc-3c(n[n+]12)-c1cccc2cccc-3c12,MGLYRIRVSTGASLYAGSNNQVQLWLVGQHGEAALGKRLWPARGKETELKVEVPEYLGPLLFVKLRKRHLLKDDAWFCNWISVQGPGAGDEVRFPCYRWVEGNGVLSLPEGTGRTVGEDPQGLFQKHREEELEERRKLYRWGNWKDGLILNMAGAKLYDLPVDERFLEDKRVDFEVSLAKGLADLAIKDSLNVLTCWKDLDDFNRIFWCGQSKLAERVRDSWKEDALFGYQFLNGANPVVLRRSAHLPARLVFPPGMEELQAQLEKELEGGTLFEADFSLLDGIKANVILCSQQHLAAPLVMLKLQPDGKLLPMVIQLQLPRTGSPPPPLFLPTDPPMAWLLAKCWVRSSDFQLHELQSHLLRGHLMAEVIVVATMRCLPSIHPIFKLIIPHLRYTLEINVRARTGLVSDMGIFDQIMSTGGGGHVQLLKQAGAFLTYSSFCPPDDLADRGLLGVKSSFYAQDALRLWEIIYRYVEGIVSLHYKTDVAVKDDPELQTWCREITEIGLQGAQDRGFPVSLQARDQVCHFVTMCIFTCTGQHASVHLGQLDWYSWVPNAPCTMRLPPPTTKDATLETVMATLPNFHQASLQMSITWQLGRRQPVMVAVGQHEEEYFSGPEPKAVLKKFREELAALDKEIEIRNAKLDMPYEYLRPSVVENSVAI,0
Nc1ccc2cc3ccc(N)cc3nc2c1,MGVFNYETETTSVIPAARLFKAFILDGDNLFPKVAPQAISSVENIEGNGGPGTIKKISFPEGFPFKYVKDRVDEVDHTNFKYNYSVIEGGPIGDTLEKISNEIKIVATPDGGSILKISNKYHTKGDHEVKAEQVKASKEMGETLLRAVESYLLAHSDAYN,0
OC(=O)c1ccc(NC(=O)Cn2c3ccccc3sc2=O)cc1,MSLLNCENSCGSSQSESDCCVAMASSCSAVTKDDSVGGTASTGNLSSSFMEEIQGYDVEFDPPLESKYECPICLMALREAVQTPCGHRFCKACIIKSIRDAGHKCPVDNEILLENQLFPDNFAKREILSLMVKCPNEGCLHKMELRHLEDHQAHCEFALMDCPQCQRPFQKFHINIHILKDCPRRQVSCDNCAASMAFEDKEIHDQNCPLANVICEYCNTILIREQMPNHYDLDCPTAPIPCTFSTFGCHEKMQRNHLARHLQENTQSHMRMLAQAVHSLSVIPDSGYISEVRNFQETIHQLEGRLVRQDHQIRELTAKMETQSMYVSELKRTIRTLEDKVAEIEAQQCNGIYIWKIGNFGMHLKCQEEEKPVVIHSPGFYTGKPGYKLCMRLHLQLPTAQRCANYISLFVHTMQGEYDSHLPWPFQGTIRLTILDQSEAPVRQNHEEIMDAKPELLAFQRPTIPRNPKGFGYVTFMHLEALRQRTFIKDDTLLVRCEVSTRFDMGSLRREGFQPRSTDAGV,0
OS(=O)(=O)c1cccc2cccc(Nc3ccccc3)c12,MASLKDLEGKWRLMESHGFEEYMKELGVGLALRKMAAMAKPDCIITCDGNNITVKTESTVKTTVFSCNLGEKFDETTADGRKTETVCTFQDGALVQHQQWDGKESTITRKLKDGKMIVECVMNNATCTRVYEKVQ,0
OC[C@H](Cc1ccccc1)Nc1nc(Oc2ccc3CCCc3c2)nc2n(Cc3ccc(cc3)-c3ccccc3)cnc12,MGNIFANLFKGLFGKKEMRILMVGLDAAGKTTILYKLKLGEIVTTIPTIGFNVETVEYKNISFTVWDVGGQDKIRPLWRHYFQNTQGLIFVVDSNDRERVNEAREELMRMLAEDELRDAVLLVFANKQDLPNAMNAAEITDKLGLHSLRHRNWYIQATCATSGDGLYEGLDWLSNQLRNQK,0
CN[C@H](CC(C)C)C(=O)N[C@H](Cc1ccc(O)cc1)C(=O)N[C@@H](CC(N)=O)C(=O)N[C@@H](C(=O)N[C@@H](C(=O)N[C@@H](Cc1ccc(O)cc1)C(O)=O)c1ccc(O)cc1)c1ccc(O)cc1,MSEDDPRPLHIRRQGLDPADELLAAGALTRVTIGSGADAETHWMATAHAVVRQVMGDHQQFSTRRRWDPRDEIGGKGIFRPRELVGNLMDYDPPEHTRLRRKLTPGFTLRKMQRMAPYIEQIVNDRLDEMERAGSPADLIAFVADKVPGAVLCELVGVPRDDRDMFMKLCHGHLDASLSQKRRAALGDKFSRYLLAMIARERKEPGEGMIGAVVAEYGDDATDEELRGFCVQVMLAGDDNISGMIGLGVLAMLRHPEQIDAFRGDEQSAQRAVDELIRYLTVPYSPTPRIAREDLTLAGQEIKKGDSVICSLPAANRDPALAPDVDRLDVTREPIPHVAFGHGVHHCLGAALARLELRTVFTELWRRFPALRLADPAQDTEFRLTTPAYGLTELMVAW,0
CC(C)C[C@H](NC(=O)[C@H](CC(O)=O)NC(=O)[C@H](CC(C)C)NC(=O)[C@]1(C)CCCCCCCCCCCC[C@](C)(NC(=O)CNC(=O)[C@H](CCC(N)=O)NC(=O)COCCOCCNC(=S)Nc2ccc3c(c2)C(=O)OC32c3ccc(O)cc3Oc3cc(O)ccc23)C(=O)N[C@@H](CC(C)C)C(=O)N[C@@H](CCC(N)=O)C(=O)N1)C(=O)N[C@@H](C)C(=O)N[C@@H](CO)C(N)=O,MDKNELVQKAKLAEQAERYDDMAACMKSVTEQGAELSNEERNLLSVAYKNVVGARRSSWRVVSSIEQKTEGAEKKQQMAREYREKIETELRDICNDVLSLLEKFLIPNASQAESKVFYLKMKGDYYRYLAEVAAGDDKKGIVDQSQQAYQEAFEISKKEMQPTHPIRLGLALNFSVFYYEILNSPEKACSLAKTAFDEAIAELDTLSEESYKDSTLIMQLLRDNLTLWTSDTQGDEAEAGEGGEN,0
COc1cc(cc(OC)c1OC)[C@H]1[C@@H]2[C@H](COC2=O)[C@@H](O)c2cc3OCOc3cc12,MENLSSRLDLLQEQLMNLYEQDSKLIEDQIKQWNLIRQEQVLFHFARKNGVMRIGLQAVPSLASSQEKAKTAIEMVLHLESLKDSPYGTEDWSLQDTSRELFLAPPAGTFKKSGSTLEVTYDNNPDNQTRHTIWNHVYYQNGDDVWRKVSSGVDAVGVYYLEHDGYKNYYVLFAEEASKYSTTGQYAVNYRGKRFTNVMSSTSSPRAAGAPAVHSDYPTLSESDTAQQSTSIDYTELPGQGETSQVRQRQQKTPVRRRPYGRRRSRSPRGGGRREGESTPSRTPGSVPSARDVGSIHTTPQKGHSSRLRRLLQEAWDPPVVCVKGGANQLKCLRYRLKASTQVDFDSISTTWHWTDRKNTERIGSARMLVKFIDEAQREKFLERVALPRSVSVFLGQFNGS,0
NC(=N)c1ccc(Oc2ccc(cc2)-c2cc3ccc(cc3[nH]2)C(N)=N)cc1,MPFVNKQFNYKDPVNGVDIAYIKIPNVGQMQPVKAFKIHNKIWVIPERDTFTNPEEGDLNPPPEAKQVPVSYYDSTYLSTDNEKDNYLKGVTKLFERIYSTDLGRMLLTSIVRGIPFWGGSTIDTELKVIDTNCINVIQPDGSYRSEELNLVIIGPSADIIQFECKSFGHEVLNLTRNGYGSTQYIRFSPDFTFGFEESLEVDTNPLLGAGKFATDPAVTLAHELIHAGHRLYGIAINPNRVFKVNTNAYYEMSGLEVSFEELRTFGGHDAKFIDSLQENEFRLYYYNKFKDIASTLNKAKSIVGTTASLQYMKNVFKEKYLLSEDTSGKFSVDKLKFDKLYKMLTEIYTEDNFVKFFKVLNRKTYLNFDKAVFKINIVPKVNYTIYDGFNLRNTNLAANFNGQNTEINNMNFTKLKNFTGLFEFYKLLCVRGIITSKTKSLDKGYNKALNDLCIKVNNWDLFFSPSEDNFTNDLNKGEEITSDTNIEAAEENISLDLIQQYYLTFNFDNEPENISIENLSSDIIGQLELMPNIERFPNGKKYELDKYTMFHYLRAQEFEHGKSRIALTNSVNEALLNPSRVYTFFSSDYVKKVNKATEAAMFLGWVEQLVYDFTDETSEVSTTDKIADITIIIPYIGPALNIGNMLYKDDFVGALIFSGAVILLEFIPEIAIPVLGTFALVSYIANKVLTVQTIDNALSKRNEKWDEVYKYIVTNWLAKVNTQIDLIRKKMKEALENQAEATKAIINYQYNQYTEEEKNNINFNIDDLSSKLNESINKAMININKFLNQCSVSYLMNSMIPYGVKRLEDFDASLKDALLKYIYDNRGTLIGQVDRLKDKVNNTLSTDIPFQLSKYVDNQRLLSTFTEYIKNIINTSILNLRYESNHLIDLSRYASKINIGSKVNFDPIDKNQIQLFNLESSKIEVILKNAIVYNSMYENFSTSFWIRIPKYFNSISLNNEYTIINCMENNSGWKVSLNYGEIIWTLQDTQEIKQRVVFKYSQMINISDYINRWIFVTITNNRLNNSKIYINGRLIDQKPISNLGNIHASNNIMFKLDGCRDTHRYIWIKYFNLFDKELNEKEIKDLYDNQSNSGILKDFWGDYLQYDKPYYMLNLYDPNKYVDVNNVGIRGYMYLKGPRGSVMTTNIYLNSSLYRGTKFIIKKYASGNKDNIVRNNDRVYINVVVKNKEYRLATNASQAGVEKILSALEIPDVGNLSQVVVMKSKNDQGITNKCKMNLQDNNGNDIGFIGFHQFNNIAKLVASNWYNRQIERSSRTLGCSWEFIPVDDGWGERPL,0
OCCCNc1cc(Nc2ccc(F)cc2)c2nonc2c1[N+]([O-])=O,MASPADSCIQFTRHASDVLLNLNRLRSRDILTDVVIVVSREQFRAHKTVLMACSGLFYSIFTDQLKCNLSVINLDPEINPEGFCILLDFMYTSRLNLREGNIMAVMATAMYLQMEHVVDTCRKFIKASEAEMVSAIKPPREEFLNSRMLMPQDIMAYRGREVVENNLPLRSAPGCESRAFAPSLYSGLSTPPASYSMYSHLPVSSLLFSDEEFRDVRMPVANPFPKERALPCDSARPVPGEYSRPTLEVSPNVCHSNIYSPKETIPEEARSDMHYSVAEGLKPAAPSARNAPYFPCDKASKEEERPSSEDEIALHFEPPNAPLNRKGLVSPQSPQKSDCQPNSPTESCSSKNACILQASGSPPAKSPTDPKACNWKKYKFIVLNSLNQNAKPEGPEQAELGRLSPRAYTAPPACQPPMEPENLDLQSPTKLSASGEDSTIPQASRLNNIVNRSMTGSPRSSSESHSPLYMHPPKCTSCGSQSPQHAEMCLHTAGPTFPEEMGETQSEYSDSSCENGAFFCNECDCRFSEEASLKRHTLQTHSDKPYKCDRCQASFRYKGNLASHKTVHTGEKPYRCNICGAQFNRPANLKTHTRIHSGEKPYKCETCGARFVQVAHLRAHVLIHTGEKPYPCEICGTRFRHLQTLKSHLRIHTGEKPYHCEKCNLHFRHKSQLRLHLRQKHGAITNTKVQYRVSATDLPPELPKAC,0
CSCC[C@H](NC(=O)[C@@H](NC(=O)[C@@H](NC(=O)[C@H](CCC(O)=O)NC(=O)[C@H](Cc1c[nH]c2ccccc12)NC(=O)[C@H](CCC(O)=O)NC(=O)[C@H](CCC(O)=O)NC(=O)[C@H](CCC(N)=O)NC(=O)[C@H](CC(C)C)NC(=O)[C@H](CC(C)C)NC(=O)[C@H](C)NC(=O)[C@@H]1CCCN1C(=O)[C@@H]1CCCN1C(=O)[C@H](CCCNC(N)=N)NC(=O)[C@H](CCC(O)=O)NC(=O)[C@@H]1CCCN1C(=O)[C@H](CS)NC(=O)[C@H](CO)NC(=O)[C@H](C)NC(=O)[C@H](CCC(O)=O)NC(=O)[C@H](CCC(O)=O)NC(=O)[C@H](CC(O)=O)NC(=O)CCCC[C@@H]1SC[C@@H]2NC(=O)N[C@H]12)[C@@H](C)O)C(C)C)C(O)=O,NENEPREADKSHPEQRELRPRLCTMKKGPSGYGFNLHSDKSKPGQFIRSVDPDSPAEASGLRAQDRIVEVNGVCMEGKQHGDVVSAIRAGGDETKLLVVDRETDEFFKKCRVIPSQEHLNGPLPVPFTNGEIQKENSREALAEAALESPRPALVRSASSDTSEELNSQ,0
CSCC[C@H](NC(=O)[C@H](CCCNC(N)=N)NC(=O)[C@@H]1CCCN1C(=O)[C@H](CCCNC(N)=N)NC(=O)[C@H](CCCNC(N)=N)NC(=O)[C@H](C)NC(=O)CNC(=O)[C@H](C)NC(=O)[C@H](C)NC(=O)[C@H](C)NC(=O)CNC(=O)[C@@H](N)CCCNC(N)=N)C(=O)N[C@@H](CCCCN)C(=O)N[C@@H](CCCCN)C(=O)N[C@@H](CCCCN)C(=O)N[C@@H]([C@@H](C)O)C(=O)N[C@@H](CCCNC(N)=N)C(=O)N[C@@H](CCCNC(N)=N)C(=O)N[C@@H](CCCNC(N)=N)C(=O)N[C@@H](CO)C(O)=O,ASSTTSPTEETTQKLTVSHIEGYECQPIFLNVLEAIEPGVVCAGHDNNQPDSFAALLSSLNELGERQLVHVVKWAKALPGFRNLHVDDQMAVIQYSWMGLMVFAMGWRSFTNVNSRMLYFAPDLVFNEYRMHKSRMYSQCVRMRHLSQEFGWLQITPQEFLCMKALLLFSIIPVDGLKNQKFFDELRMNYIKELDRIIACKRKNPTSCSRRFYQLTKLLDSVQPIARELHQFTFDLLIKSHMVSVDFPEMMAEIISVQVPKILSGKVKPIYFHT,0
CN(CC(=O)N(Cc1ccc(cc1)C1CCCCC1)c1ccc(cc1)C(O)=O)S(=O)(=O)c1c(F)c(F)c(F)c(F)c1F,MAGWIQAQQLQGDALRQMQVLYGQHFPIEVRHYLAQWIESQPWDAIDLDNPQDRAQATQLLEGLVQELQKKAEHQVGEDGFLLKIKLGHYATQLQKTYDRCPLELVRCIRHILYNEQRLVREANNCSSPAGILVDAMSQKHLQINQTFEELRLVTQDTENELKKLQQTQEYFIIQYQESLRIQAQFAQLAQLSPQERLSRETALQQKQVSLEAWLQREAQTLQQYRVELAEKHQKTLQLLRKQQTIILDDELIQWKRRQQLAGNGGPPEGSLDVLQSWCEKLAEIIWQNRQQIRRAEHLCQQLPIPGPVEEMLAEVNATITDIISALVTSTFIIEKQPPQVLKTQTKFAATVRLLVGGKLNVHMNPPQVKATIISEQQAKSLLKNENTRNECSGEILNNCCVMEYHQATGTLSAHFRNMSLKRIKRADRRGAESVTEEKFTVLFESQFSVGSNELVFQVKTLSLPVVVIVHGSQDHNATATVLWDNAFAEPGRVPFAVPDKVLWPQLCEALNMKFKAEVQSNRGLTKENLVFLAQKLFNNSSSHLEDYSGLSVSWSQFNRENLPGWNYTFWQWFDGVMEVLKKHHKPHWNDGAILGFVNKQQAHDLLINKPDGTFLLRFSDSEIGGITIAWKFDSPERNLWNLKPFTTRDFSIRSLADRLGDLSYLIYVFPDRPKDEVFSKYYTPVLAKAVDGYVKPQIKQVVPEFVNASADAGGSSATYMDQAPSPAVCPQAPYNMYPQNPDHVLDQDGEFDLDETMDVARHVEELLRRPMDSLDSRLSPPAGLFTSARGSLS,0
CNc1ncnc2n(cnc12)[C@H]1C[C@H](OP(O)(O)=O)[C@@H](COP(O)(O)=O)O1,MTEVLWPAVPNGTDAAFLAGPGSSWGNSTVASTAAVSSSFKCALTKTGFQFYYLPAVYILVFIIGFLGNSVAIWMFVFHMKPWSGISVYMFNLALADFLYVLTLPALIFYYFNKTDWIFGDAMCKLQRFIFHVNLYGSILFLTCISAHRYSGVVYPLKSLGRLKKKNAICISVLVWLIVVVAISPILFYSGTGVRKNKTITCYDTTSDEYLRSYFIYSMCTTVAMFCVPLVLILGCYGLIVRALIYKDLDNSPLRRKSIYLVIIVLTVFAVSYIPFHVMKTMNLRARLDFQTPAMCAFNDRVYATYQVTRGLASLNSCVDPILYFLAGDTFRRRLSRATRKASRRSEANLQSKSEDMTLNILPEFKQNGDTSL,0
[O-][N+](=O)c1ccc(Sc2cccc[n+]2[O-])c2nonc12,MSGETTRLTEPQLRELAARGAAELDGATATDMLRWTDETFGDIGGAGGGVSGHRGWTTCNYVVASNMADAVLVDLAAKVRPGVPVIFLDTGYHFVETIGTRDAIESVYDVRVLNVTPEHTVAEQDELLGKDLFARNPHECCRLRKVVPLGKTLRGYSAWVTGLRRVDAPTRANAPLVSFDETFKLVKVNPLAAWTDQDVQEYIADNDVLVNPLVREGYPSIGCAPCTAKPAEGADPRSGRWQGLAKTECGLHAS,0
Cc1nnc2ccc(nn12)N1CCCC1,MNLPTAQEVQGLMARYIELVDVGDIEAIVQMYADDATVEDPFGQPPIHGREQIAAFYRQGLGGGKVRACLTGPVRASHNGCGAMPFRVEMVWNGQPCALDVIDVMRFDEHGRIQTMQAYWSEVNLSVREPQ,0
OC[C@H]1O[C@H](OC[C@@H](O)[C@@H](O)[C@H](O)Cn2c3[nH]c(=O)[nH]c(=O)c3[nH]c2=O)[C@H](O)[C@@H](O)[C@H]1O,MAEVLRTLAGKPKCHALRPMILFLIMLVLVLFGYGVLSPRSLMPGSLERGFCMAVREPDHLQRVSLPRMVYPQPKVLTPCRKDVLVVTPWLAPIVWEGTFNIDILNEQFRLQNTTIGLTVFAIKKYVAFLKLFLETAEKHFMVGHRVHYYVFTDQPAAVPRVTLGTGRQLSVLEVRAYKRWQDVSMRRMEMISDFCERRFLSEVDYLVCVDVDMEFRDHVGVEILTPLFGTLHPGFYGSSREAFTYERRPQSQAYIPKDEGDFYYLGGFFGGSVQEVQRLTRACHQAMMVDQANGIEAVWHDESHLNKYLLRHKPTKVLSPEYLWDQQLLGWPAVLRKLRFTAVPKNHQAVRNP,0
CC[C@H](C)[C@H](NC(=O)[C@H](CC(O)=O)NC(=O)[C@@H](NC(=O)[C@H](Cc1ccc(O)cc1)NC(=O)[C@H](Cc1c[nH]c2ccccc12)NC(=O)[C@H](CC(C)C)NC(C)=O)[C@@H](C)O)C(=O)N[C@@H](CCCNC(N)=N)C(=O)N[C@@H](CCSC)C(=O)N[C@@H](CO)C(=O)N[C@@H](Cc1c[nH]c2ccccc12)C(=O)N[C@@H](CCCNC(N)=N)C(=O)N[C@@H](C(C)C)C(=O)N1CCC[C@H]1C(O)=O,MASPADSCIQFTRHASDVLLNLNRLRSRDILTDVVIVVSREQFRAHKTVLMACSGLFYSIFTDQLKCNLSVINLDPEINPEGFCILLDFMYTSRLNLREGNIMAVMATAMYLQMEHVVDTCRKFIKASEAEMVSAIKPPREEFLNSRMLMPQDIMAYRGREVVENNLPLRSAPGCESRAFAPSLYSGLSTPPASYSMYSHLPVSSLLFSDEEFRDVRMPVANPFPKERALPCDSARPVPGEYSRPTLEVSPNVCHSNIYSPKETIPEEARSDMHYSVAEGLKPAAPSARNAPYFPCDKASKEEERPSSEDEIALHFEPPNAPLNRKGLVSPQSPQKSDCQPNSPTESCSSKNACILQASGSPPAKSPTDPKACNWKKYKFIVLNSLNQNAKPEGPEQAELGRLSPRAYTAPPACQPPMEPENLDLQSPTKLSASGEDSTIPQASRLNNIVNRSMTGSPRSSSESHSPLYMHPPKCTSCGSQSPQHAEMCLHTAGPTFPEEMGETQSEYSDSSCENGAFFCNECDCRFSEEASLKRHTLQTHSDKPYKCDRCQASFRYKGNLASHKTVHTGEKPYRCNICGAQFNRPANLKTHTRIHSGEKPYKCETCGARFVQVAHLRAHVLIHTGEKPYPCEICGTRFRHLQTLKSHLRIHTGEKPYHCEKCNLHFRHKSQLRLHLRQKHGAITNTKVQYRVSATDLPPELPKAC,1
OCCNc1cc(nc(n1)-c1n[nH]c2cnccc12)C(F)(F)F,MADLSSRVNELHDLLNQYSYEYYVEDNPSVPDSEYDKLLHELIKIEEEHPEYKTVDSPTVRVGGEAQASFNKVNHDTPMLSLGNAFNEDDLRKFDQRIREQIGNVEYMCELKIDGLAVSLKYVDGYFVQGLTRGDGTTGEDITENLKTIHAIPLKMKEPLNVEVRGEAYMPRRSFLRLNEEKEKNDEQLFANPRNAAAGSLRQLDSKLTAKRKLSVFIYSVNDFTDFNARSQSEALDELDKLGFTTNKNRARVNNIDGVLEYIEKWTSQRESLPYDIDGIVIKVNDLDQQDEMGFTQKSPRWAIAYKFPAEEVVTKLLDIELSIGRTGVVTPTAILEPVKVAGTTVSRASLHNEDLIHDRDIRIGDSVVVKKAGDIIPEVVRSIPERRPEDAVTYHMPTHCPSCGHELVRIEGEVALRCINPKCQAQLVEGLIHFVSRQAMNIDGLGTKIIQQLYQSELIKDVADIFYLTEEDLLPLDRMGQKKVDNLLAAIQQAKDNSLENLLFGLGIRHLGVKASQVLAEKYETIDRLLTVTEAELVEIHDIGDKVAQSVVTYLENEDIRALIQKLKDKHVNMIYKGIKTSDIEGHPEFSGKTIVLTGKLHQMTRNEASKWLASQGAKVTSSVTKNTDVVIAGEDAGSKLTKAQSLGIEIWTEQQFVDKQNELNS,1
FC(F)CN1C[C@@H]([C@H](C1)C(=O)Nc1ccc(cc1F)-n1ccccc1=O)C(=O)Nc1ccc(Cl)cn1,MGRPLHLVLLSASLAGLLLLGESLFIRREQANNILARVTRANSFLEEMKKGHLERECMEETCSYEEAREVFEDSDKTNEFWNKYKDGDQCETSPCQNQGKCKDGLGEYTCTCLEGFEGKNCELFTRKLCSLDNGDCDQFCHEEQNSVVCSCARGYTLADNGKACIPTGPYPCGKQTLERRKRSVAQATSSSGEAPDSITWKPYDAADLDPTENPFDLLDFNQTQPERGDNNLTRIVGGQECKDGECPWQALLINEENEGFCGGTILSEFYILTAAHCLYQAKRFKVRVGDRNTEQEEGGEAVHEVEVVIKHNRFTKETYDFDIAVLRLKTPITFRMNVAPACLPERDWAESTLMTQKTGIVSGFGRTHEKGRQSTRLKMLEVPYVDRNSCKLSSSFIITQNMFCAGYDTKQEDACQGDSGGPHVTRFKDTYFVTGIVSWGEGCARKGKYGIYTKVTAFLKWIDRSMKTRGLPKAKSHAPEVITSSPLK,1
CCCCCCOC(=O)c1ccc(Nc2c(cc(cc2[N+]([O-])=O)C(O)=O)[N+]([O-])=O)cc1,MERASLIQKAKLAEQAERYEDMAAFMKGAVEKGEELSCEERNLLSVAYKNVVGGQRAAWRVLSSIEQKSNEEGSEEKGPEVREYREKVETELQGVCDTVLGLLDSHLIKEAGDAESRVFYLKMKGDYYRYLAEVATGDDKKRIIDSARSAYQEAMDISKKEMPPTNPIRLGLALNFSVFHYEIANSPEEAISLAKTTFDEAMADLHTLSEDSYKDSTLIMQLLRDNLTLWTADNAGEEGGEAPQEPQS,0
O=C1C=CC(=O)c2ccccc12,MAKAHIELTINGHPVEALVEPRTLLIHFIREQQNLTGAHIGCDTSHCGACTVDLDGMSVKSCTMFAVQANGASITTIEGMAAPDGTLSALQEGFRMMHGLQCGYCTPGMIMRSHRLLQENPSPTEAEIRFGIGGNLCRCTGYQNIVKAIQYAAAKINGVPFEEAAE,0
Clc1cncc(n1)-c1nnc[nH]1,MADLSSRVNELHDLLNQYSYEYYVEDNPSVPDSEYDKLLHELIKIEEEHPEYKTVDSPTVRVGGEAQASFNKVNHDTPMLSLGNAFNEDDLRKFDQRIREQIGNVEYMCELKIDGLAVSLKYVDGYFVQGLTRGDGTTGEDITENLKTIHAIPLKMKEPLNVEVRGEAYMPRRSFLRLNEEKEKNDEQLFANPRNAAAGSLRQLDSKLTAKRKLSVFIYSVNDFTDFNARSQSEALDELDKLGFTTNKNRARVNNIDGVLEYIEKWTSQRESLPYDIDGIVIKVNDLDQQDEMGFTQKSPRWAIAYKFPAEEVVTKLLDIELSIGRTGVVTPTAILEPVKVAGTTVSRASLHNEDLIHDRDIRIGDSVVVKKAGDIIPEVVRSIPERRPEDAVTYHMPTHCPSCGHELVRIEGEVALRCINPKCQAQLVEGLIHFVSRQAMNIDGLGTKIIQQLYQSELIKDVADIFYLTEEDLLPLDRMGQKKVDNLLAAIQQAKDNSLENLLFGLGIRHLGVKASQVLAEKYETIDRLLTVTEAELVEIHDIGDKVAQSVVTYLENEDIRALIQKLKDKHVNMIYKGIKTSDIEGHPEFSGKTIVLTGKLHQMTRNEASKWLASQGAKVTSSVTKNTDVVIAGEDAGSKLTKAQSLGIEIWTEQQFVDKQNELNS,0
NCCCC(=O)N[C@@H](Cc1c[nH]c2ccc(O)cc12)C(=O)N[C@@H](Cc1ccc(Cl)cc1)C(=O)N[C@@H](Cc1ccncc1)C(=O)NCCc1c[nH]c2ccccc12,NEVTLLDSRSVQGELGWIASPLEGGWEEVSIMDEKNTPIRTYQVCNVMEPSQNNWLRTDWITREGAQRVYIEIKFTLRDCNSLPGVMGTCKETFNLYYYESDNDKERFIRENQFVKIDTIAADESFTQVDIGDRIMKLNTEIRDVGPLSKKGFYLAFQDVGACIALVSVRVFYKKCPLTVR,0
N[C@@H]([C@H]1[C@@H](CO)C1C(O)=O)C(O)=O,MVCEGKRSASCPCFFLLTAKFYWILTMMQRTHSQEYAHSIRVDGDIILGGLFPVHAKGERGVPCGELKKEKGIHRLEAMLYAIDQINKDPDLLSNITLGVRILDTCSRDTYALEQSLTFVQALIEKDASDVKCANGDPPIFTKPDKISGVIGAAASSVSIMVANILRLFKIPQISYASTAPELSDNTRYDFFSRVVPPDSYQAQAMVDIVTALGWNYVSTLASEGNYGESGVEAFTQISREIGGVCIAQSQKIPREPRPGEFEKIIKRLLETPNARAVIMFANEDDIRRILEAAKKLNQSGHFLWIGSDSWGSKIAPVYQQEEIAEGAVTILPKRASIDGFDRYFRSRTLANNRRNVWFAEFWEENFGCKLGSHGKRNSHIKKCTGLERIARDSSYEQEGKVQFVIDAVYSMAYALHNMHKDLCPGYIGLCPRMSTIDGKELLGYIRAVNFNGSAGTPVTFNENGDAPGRYDIFQYQITNKSTEYKVIGHWTNQLHLKVEDMQWAHREHTHPASVCSLPCKPGERKKTVKGVPCCWHCERCEGYNYQVDELSCELCPLDQRPNMNRTGCQLIPIIKLEWHSPWAVVPVFVAILGIIATTFVIVTFVRYNDTPIVRASGRELSYVLLTGIFLCYSITFLMIAAPDTIICSFRRVFLGLGMCFSYAALLTKTNRIHRIFEQGKKSVTAPKFISPASQLVITFSLISVQLLGVFVWFVVDPPHIIIDYGEQRTLDPEKARGVLKCDISDLSLICSLGYSILLMVTCTVYAIKTRGVPETFNEAKPIGFTMYTTCIIWLAFIPIFFGTAQSAEKMYIQTTTLTVSMSLSASVSLGMLYMPKVYIIIFHPEQNVQKRKRSFKAVVTAATMQSKLIQKGNDRPNGEVKSELCESLETNTSSTKTTYISYSNHSI,1
CSCC[C@H](NC(=O)[C@@H](NC(=O)[C@@H](NC(=O)[C@H](CCC(O)=O)NC(=O)[C@H](Cc1c[nH]c2ccccc12)NC(=O)[C@H](CCC(O)=O)NC(=O)[C@H](CCC(O)=O)NC(=O)[C@H](CCC(N)=O)NC(=O)[C@H](CC(C)C)NC(=S)Nc1ccc2c(c1)C(=O)OC21c2ccc(O)cc2Oc2cc(O)ccc12)[C@@H](C)O)C(C)C)C(O)=O,MSADAAAGAPLPRLCCLEKGPNGYGFHLHGEKGKLGQYIRLVEPGSPAEKAGLLAGDRLVEVNGENVEKETHQQVVSRIRAALNAVRLLVVDPETDEQLQKLGVQVREELLRAQEAPGQAEPPAAAEVQGAGNENEPREA,0
CN(N)C(=N)NCCC[C@H](N)C(O)=O,MACPWKFLFKTKFHQYAMNGEKDINNNVEKAPCATSSPVTQDDLQYHNLSKQQNESPQPLVETGKKSPESLVKLDATPLSSPRHVRIKNWGSGMTFQDTLHHKAKGILTCRSKSCLGSIMTPKSLTRGPRDKPTPPDELLPQAIEFVNQYYGSFKEAKIEEHLARVEAVTKEIETTGTYQLTGDELIFATKQAWRNAPRCIGRIQWSNLQVFDARSCSTAREMFEHICRHVRYSTNNGNIRSAITVFPQRSDGKHDFRVWNAQLIRYAGYQMPDGSIRGDPANVEFTQLCIDLGWKPKYGRFDVVPLVLQANGRDPELFEIPPDLVLEVAMEHPKYEWFRELELKWYALPAVANMLLEVGGLEFPGCPFNGWYMGTEIGVRDFCDVQRYNILEEVGRRMGLETHKLASLWKDQAVVEINIAVLHSFQKQNVTIMDHHSAAESFMKYMQNEYRSRGGCPADWIWLVPPMSGSITPVFHQEMLNYVLSPFYYYQVEAWKTHVWQDEKRRPKRREIPLKVLVKAVLFACMLMRKTMASRVRVTILFATETGKSEALAWDLGALFSCAFNPKVVCMDKYRLSCLEEERLLLVVTSTFGNGDCPGNGEKLKKSLFMLKELNNKFRYAVFGLGSSMYPRFCAFAHDIDQKLSHLGASQLTPMGEGDELSGQEDAFRSWAVQTFKAACETFDVRGKQHIQIPKLYTSNVTWDPHHYRLVQDSQPLDLSKALSSMHAKNVFTMRLKSRQNLQSPTSSRATILVELSCEDGQGLNYLPGEHLGVCPGNQPALVQGILERVVDGPTPHQTVRLEALDESGSYWVSDKRLPPCSLSQALTYFLDITTPPTQLLLQKLAQVATEEPERQRLEALCQPSEYSKWKFTNSPTFLEVLEEFPSLRVSAGFLLSQLPILKPRFYSISSSRDHTPTEIHLTVAVVTYHTRDGQGPLHHGVCSTWLNSLKPQDPVPCFVRNASGFHLPEDPSHPCILIGPGTGIAPFRSFWQQRLHDSQHKGVRGGRMTLVFGCRRPDEDHIYQEEMLEMAQKGVLHAVHTAYSRLPGKPKVYVQDILRQQLASEVLRVLHKEPGHLYVCGDVRMARDVAHTLKQLVAAKLKLNEEQVEDYFFQLKSQKRYHEDIFGAVFPYEAKKDRVAVQPSSLEMSAL,0
CSCC[C@H](NC(=O)[C@H](CC(C)C)NC(=O)[C@H](Cc1c[nH]c2ccccc12)NC(=O)[C@H](CCC(N)=O)NC(=O)[C@@H](NC(=O)[C@H](Cc1ccccc1)NC(=O)[C@H](CC(O)=O)NC(=O)[C@H](CCC(N)=O)NC(=O)[C@H](C)NC(=O)[C@H](CCCNC(N)=N)NC(=O)[C@H](CCCNC(N)=N)NC(=O)[C@H](CO)NC(=O)[C@H](CC(O)=O)NC(=O)[C@H](CC(C)C)NC(=O)[C@H](Cc1ccc(O)cc1)NC(=O)[C@H](CCCCN)NC(=O)[C@H](CO)NC(=O)[C@H](C)NC(=O)[C@H](CCC(O)=O)NC(=O)[C@H](CO)NC(=O)[C@@H](NC(=O)[C@H](Cc1ccccc1)NC(=O)[C@H](Cc1ccc(O)cc1)NC(=O)CNC(=O)[C@H](CCC(N)=O)NC(=O)[C@@H](N)CO)[C@@H](C)O)C(C)C)C(=O)N[C@@H](CC(N)=O)C(=O)N[C@@H]([C@@H](C)O)C(N)=O,MSGSKSVSPPGYAAQKTAAPAPRGGPEHRSAWGEADSRANGYPHAPGGSARGSTKKPGGAVTPQQQQRLASRWRSDDDDDPPLSGDDPLAGGFGFSFRSKSAWQERGGDDCGRGSRRQRRGAASGGSTRAPPAGGGGGSAAAAASAGGTEVRPRSVEVGLEERRGKGRAADELEAGAVEGGEGSGDGGSSADSGSGAGPGAVLSLGACCLALLQIFRSKKFPSDKLERLYQRYFFRLNQSSLTMLMAVLVLVCLVMLAFHAARPPLQLPYLAVLAAAVGVILIMAVLCNRAAFHQDHMGLACYALIAVVLAVQVVGLLLPQPRSASEGIWWTVFFIYTIYTLLPVRMRAAVLSGVLLSALHLAIALRTNAQDQFLLKQLVSNVLIFSCTNIVGVCTHYPAEVSQRQAFQETRECIQARLHSQRENQQQERLLLSVLPRHVAMEMKADINAKQEDMMFHKIYIQKHDNVSILFADIEGFTSLASQCTAQELVMTLNELFARFDKLAAENHCLRIKILGDCYYCVSGLPEARADHAHCCVEMGMDMIEAISLVREVTGVNVNMRVGIHSGRVHCGVLGLRKWQFDVWSNDVTLANHMEAGGKAGRIHITKATLNYLNGDYEVEPGCGGERNAYLKEHSIETFLILRCTQKRKEEKAMIAKMNRQRTNSIGHNPPHWGAERPFYNHLGGNQVSKEMKRMGFEDPKDKNAQESANPEDEVDEFLGRAIDARSIDRLRSEHVRKFLLTFREPDLEKKYSKQVDDRFGAYVACASLVFLFICFVQITIVPHSIFMLSFYLTCSLLLTLVVFVSVIYSCVKLFPSPLQTLSRKIVRSKMNSTLVGVFTITLVFLAAFVNMFTCNSRDLLGCLAQEHNISASQVNACHVAESAVNYSLGDEQGFCGSPWPNCNFPEYFTYSVLLSLLACSVFLQISCIGKLVLMLAIELIYVLIVEVPGVTLFDNADLLVTANAIDFFNNGTSQCPEHATKVALKVVTPIIISVFVLALYLHAQQVESTARLDFLWKLQATEEKEEMEELQAYNRRLLHNILPKDVAAHFLARERRNDELYYQSCECVAVMFASIANFSEFYVELEANNEGVECLRLLNEIIADFDEIISEDRFRQLEKIKTIGSTYMAASGLNDSTYDKVGKTHIKALADFAMKLMDQMKYINEHSFNNFQMKIGLNIGPVVAGVIGARKPQYDIWGNTVNVASRMDSTGVPDRIQVTTDMYQVLAANTYQLECRGVVKVKGKGEMMTYFLNGGPPLS,0
CN[C@H](CC(C)C)C(=O)N[C@H](Cc1ccc(O)cc1)C(=O)N[C@@H](CC(N)=O)C(=O)N[C@@H](C(=O)N[C@@H](C(=O)N[C@H](Cc1ccc(O)cc1)C(O)=O)c1ccc(O)cc1)c1ccc(O)cc1,MSEDDPRPLHIRRQGLDPADELLAAGALTRVTIGSGADAETHWMATAHAVVRQVMGDHQQFSTRRRWDPRDEIGGKGIFRPRELVGNLMDYDPPEHTRLRRKLTPGFTLRKMQRMAPYIEQIVNDRLDEMERAGSPADLIAFVADKVPGAVLCELVGVPRDDRDMFMKLCHGHLDASLSQKRRAALGDKFSRYLLAMIARERKEPGEGMIGAVVAEYGDDATDEELRGFCVQVMLAGDDNISGMIGLGVLAMLRHPEQIDAFRGDEQSAQRAVDELIRYLTVPYSPTPRIAREDLTLAGQEIKKGDSVICSLPAANRDPALAPDVDRLDVTREPIPHVAFGHGVHHCLGAALARLELRTVFTELWRRFPALRLADPAQDTEFRLTTPAYGLTELMVAW,0
C[C@H]1CC[C@]2(C)O[C@]3(C)CC[C@@H]4O[C@@H]5C[C@@H]6O[C@@H]7C[C@H](OS([O-])(=O)=O)[C@@](C)(CCOS([O-])(=O)=O)O[C@H]7C[C@H]6O[C@H]5C[C@H]4O[C@H]3C[C@H]2O[C@H]2C[C@H]3O[C@H]4C[C@H]5O[C@@H](C(=C)C[C@@H]5O[C@]4(C)C[C@@H]3O[C@H]12)[C@](C)(O)\C=C\C(=C)CC=C,MREYKLVVLGSGGVGKSALTVQFVQGIFVEKYDPTIEDSYRKQVEVDCQQCMLEILDTAGTEQFTAMRDLYMKNGQGFALVYSITAQSTFNDLQDLREQILRVKDTEDVPMILVGNKCDLEDERVVGKEQGQNLARQWCNCAFLESSAKSKINVNEIFYDLVRQINRKTPVEKKKPKKKSCLLL,0
OC1N(Cc2ccc(Cl)cc2)C(=O)C(=C1c1c[nH]c2cc(Cl)ccc12)c1ccc(Cl)cc1,MCNTNMSVPTDGAVTTSQIPASEQETLVRPKPLLLKLLKSVGAQKDTYTMKEVLFYLGQYIMTKRLYDEKQQHIVYCSNDLLGDLFGVPSFSVKEHRKIYTMIYRNLVVVNQQESSDS,0
CC(C)C[C@H](NC(=O)[C@H](CC(O)=O)NC(=O)[C@H](CC(C)C)NC(=O)[C@]1(C)CCCCCCCCCCCC[C@](C)(NC(=O)CNC(=O)[C@H](CCC(N)=O)NC(=O)COCCOCCNC(=S)Nc2ccc3c(c2)C(=O)OC32c3ccc(O)cc3Oc3cc(O)ccc23)C(=O)N[C@@H](CC(C)C)C(=O)N[C@@H](CC(O)=O)C(=O)N1)C(=O)N[C@@H](C)C(=O)N[C@@H](CC(C(O)=O)C(O)=O)C(N)=O,MDKNELVQKAKLAEQAERYDDMAACMKSVTEQGAELSNEERNLLSVAYKNVVGARRSSWRVVSSIEQKTEGAEKKQQMAREYREKIETELRDICNDVLSLLEKFLIPNASQAESKVFYLKMKGDYYRYLAEVAAGDDKKGIVDQSQQAYQEAFEISKKEMQPTHPIRLGLALNFSVFYYEILNSPEKACSLAKTAFDEAIAELDTLSEESYKDSTLIMQLLRDNLTLWTSDTQGDEAEAGEGGEN,0
OC[C@@H](O)[C@@H](O)[C@H](O)Cn1c2[nH]c(=O)[nH]c(=O)c2[nH]c1=O,MAEVLRTLAGKPKCHALRPMILFLIMLVLVLFGYGVLSPRSLMPGSLERGFCMAVREPDHLQRVSLPRMVYPQPKVLTPCRKDVLVVTPWLAPIVWEGTFNIDILNEQFRLQNTTIGLTVFAIKKYVAFLKLFLETAEKHFMVGHRVHYYVFTDQPAAVPRVTLGTGRQLSVLEVRAYKRWQDVSMRRMEMISDFCERRFLSEVDYLVCVDVDMEFRDHVGVEILTPLFGTLHPGFYGSSREAFTYERRPQSQAYIPKDEGDFYYLGGFFGGSVQEVQRLTRACHQAMMVDQANGIEAVWHDESHLNKYLLRHKPTKVLSPEYLWDQQLLGWPAVLRKLRFTAVPKNHQAVRNP,0
CSCC[C@H](N)C(=O)N[C@@H](Cc1cnc[nH]1)C(=O)N[C@@H](CCCN=C(N)N)C(=O)N[C@@H](CO)C(=O)N[C@@H](CC(C)C)C(=O)N[C@@H](CC(C)C)C(=O)NCC(=O)N[C@@H](CCCN=C(N)N)C(=O)N[C@@H](CCSC)C(=O)N[C@@H](CCCCN)C(=O)NCC(=O)N[C@@H](C)C(O)=O,MIFVLGGCRHKLVCSPAPCNFFHLCLIISCSCPTVHASKLCLGWLWGMHIDPYKEFGASVELLSFLPSDFFPSIRDLLDTASALYREALESPEHCSPHHTALRQAILCWGELMNLATWVGSNLEDPASRELVVSYVNVNMGLKIRQLLWFHISCLTFGRETVLEYLVSFGVWIRTPPAYRPPNAPILSTLPETTVVRRRGRSPRRRTPSPRRRRSQSPRRRRSQSRESQC,0
CC(=O)N[C@@H]1[C@@H](O)C[C@@](O[C@H]2[C@@H](O)[C@@H](CO)O[C@@H](O[C@@H]3[C@@H](CO)O[C@@H](O)[C@H](O)[C@H]3O)[C@@H]2O)(O[C@H]1[C@H](O)[C@H](O)CO)C(O)=O,MLLLLLLPLLWGRERVEGQKSNRKDYSLTMQSSVTVQEGMCVHVRCSFSYPVDSQTDSDPVHGYWFRAGNDISWKAPVATNNPAWAVQEETRDRFHLLGDPQTKNCTLSIRDARMSDAGRYFFRMEKGNIKWNYKYDQLSVNVTALTHRPNILIPGTLESGCFQNLTCSVPWACEQGTPPMISWMGTSVSPLHPSTTRSSVLTLIPQPQHHGTSLTCQVTLPGAGVTTNRTIQLNVSYPPQNLTVTVFQGEGTASTALGNSSSLSVLEGQSLRLVCAVDSNPPARLSWTWRSLTLYPSQPSNPLVLELQVHLGDEGEFTCRAQNSLGSQHVSLNLSLQQEYTGKMRPVSGVLLGAVGGAGATALVFLSFCVIFIVVRSCRKKSARPAADVGDIGMKDANTIRGSASQGNLTESWADDNPRHHGLAAHSSGEEREIQYAPLSFHKGEPQDLSGQEATNNEYSEIKIPK,0
CC1=C(O)C(=O)C=C2C1=CC=C1[C@@]2(C)CC[C@@]2(C)[C@@H]3C[C@@](C)(CC[C@]3(C)CC[C@]12C)C(O)=O,MESVERKSESSYLGMRNMQPEQRLSLDPPRLRSTPQDELHDLLCVGFGPASLAIAIALHDALDPRLNKSASNIHAQPKICFLERQKQFAWHSGMLVPGSKMQISFIKDLATLRDPRSSFTFLNYLHQKGRLIHFTNLSTFLPARLEFEDYMRWCAQQFSDVVAYGEEVVEVIPGKSDPSSSVVDFFTVRSRNVETGEISARRTRKVVIAIGGTAKMPSGLPQDPRIIHSSKYCTTLPALLKDKSKPYNIAVLGSGQSAAEIFHDLQKRYPNSRTTLIMRDSAMRPSDDSPFVNEIFNPERVDKFYSQSAAERQRSLLADKATNYSVVRLELIEEIYNDMYLQRVKNPDETQWQHRILPERKITRVEHHGPQSRMRIHLKSSKPESEGAANDVKETLEVDALMVATGYNRNAHERLLSKVQHLRPTGQDQWKPHRDYRVEMDPSKVSSEAGIWLQGCNERTHGLSDSLLSVLAVRGGEMVQSIFGEQLERAAVQGHQLRAML,0
C[C@H](NC(=O)CCC(O)=O)C(=O)NCC(=O)N1CCC[C@H]1C(=O)N[C@@H](Cc1ccccc1)C(=O)Nc1ccc(cc1)[N+]([O-])=O,MTAEEMKATESGAQSAPLPMEGVDISPKQDEGVLKVIKREGTGTEMPMIGDRVFVHYTGWLLDGTKFDSSLDRKDKFSFDLGKGEVIKAWDIAIATMKVGEVCHITCKPEYAYGSAGSPPKIPPNATLVFEVELFEFKGEDLTEEEDGGIIRRIQTRGEGYAKPNEGAIVEVALEGYYKDKLFDQRELRFEIGEGENLDLPYGLERAIQRMEKGEHSIVYLKPSYAFGSVGKEKFQIPPNAELKYELHLKSFEKAKESWEMNSEEKLEQSTIVKERGTVYFKEGKYKQALLQYKKIVSWLEYESSFSNEEAQKAQALRLASHLNLAMCHLKLQAFSAAIESCNKALELDSNNEKGLFRRGEAHLAVNDFELARADFQKVLQLYPNNKAAKTQLAVCQQRIRRQLAREKKLYANMFERLAEEENKAKAEASSGDHPTDTEMKEEQKSNTAGSQSQVETEA,0
CCOP(=O)(CNC(=O)[C@H](C)NC(C)=O)N1CCCC1C(=O)N[C@H](CNc1ccc(cc1)[N+]([O-])=O)Cc1ccccc1,MTAEEMKATESGAQSAPLPMEGVDISPKQDEGVLKVIKREGTGTEMPMIGDRVFVHYTGWLLDGTKFDSSLDRKDKFSFDLGKGEVIKAWDIAIATMKVGEVCHITCKPEYAYGSAGSPPKIPPNATLVFEVELFEFKGEDLTEEEDGGIIRRIQTRGEGYAKPNEGAIVEVALEGYYKDKLFDQRELRFEIGEGENLDLPYGLERAIQRMEKGEHSIVYLKPSYAFGSVGKEKFQIPPNAELKYELHLKSFEKAKESWEMNSEEKLEQSTIVKERGTVYFKEGKYKQALLQYKKIVSWLEYESSFSNEEAQKAQALRLASHLNLAMCHLKLQAFSAAIESCNKALELDSNNEKGLFRRGEAHLAVNDFELARADFQKVLQLYPNNKAAKTQLAVCQQRIRRQLAREKKLYANMFERLAEEENKAKAEASSGDHPTDTEMKEEQKSNTAGSQSQVETEA,0
COC(=O)c1cccc(NC(=O)NC2CCN(C2)c2ccnc(Nc3ccc(F)cc3)n2)c1,MRGRRGRPPKQPAAPAAERCAPAPPPPPPPPTSGPIGGLRSRHRGSSRGRWAAAQAEVAPKTRLSSPRGGSSSRRKPPPPPPAPPSTSAPGRGGRGGGGGRTGGGGGGGHLARTTAARRAVNKVVYDDHESEEEEEEEDMVSEEEEEEDGDAEETQDSEDDEEDEMEEDDDDSDYPEEMEDDDDDASYCTESSFRSHSTYSSTPGRRKPRVHRPRSPILEEKDIPPLEFPKSSEDLMVPNEHIMNVIAIYEVLRNFGTVLRLSPFRFEDFCAALVSQEQCTLMAEMHVVLLKAVLREEDTSNTTFGPADLKDSVNSTLYFIDGMTWPEVLRVYCESDKEYHHVLPYQEAEDYPYGPVENKIKVLQFLVDQFLTTNIAREELMSEGVIQYDDHCRVCHKLGDLLCCETCSAVYHLECVKPPLEEVPEDEWQCEVCVAHKVPGVTDCVAEIQKNKPYIRHEPIGYDRSRRKYWFLNRRLIIEEDTENENEKKIWYYSTKVQLAELIDCLDKDYWEAELCKILEEMREEIHRHMDITEDLTNKARGSNKSFLAAANEEILESIRAKKGDIDNVKSPEETEKDKNETENDSKDAEKNREEFEDQSLEKDSDDKTPDDDPEQGKSEEPTEVGDKGNSVSANLGDNTTNATSEETSPSEGRSPVGCLSETPDSSNMAEKKVASELPQDVPEEPNKTCESSNTSATTTSIQPNLENSNSSSELNSSQSESAKAADDPENGERESHTPVSIQEEIVGDFKSEKSNGELSESPGAGKGASGSTRIITRLRNPDSKLSQLKSQQVAAAAHEANKLFKEGKEVLVVNSQGEISRLSTKKEVIMKGNINNYFKLGQEGKYRVYHNQYSTNSFALNKHQHREDHDKRRHLAHKFCLTPAGEFKWNGSVHGSKVLTISTLRLTITQLENNIPSSFLHPNWASHRANWIKAVQMCSKPREFALALAILECAVKPVVMLPIWRESLGHTRLHRMTSIEREEKEKVKKKEKKQEEEETMQQATWVKYTFPVKHQVWKQKGEEYRVTGYGGWSWISKTHVYRFVPKLPGNTNVNYRKSLEGTKNNMDENMDESDKRKCSRSPKKIKIEPDSEKDEVKGSDAAKGADQNEMDISKITEKKDQDVKELLDSDSDKPCKEEPMEVDDDMKTESHVNCQESSQVDVVNVSEGFHLRTSYKKKTKSSKLDGLLERRIKQFTLEEKQRLEKIKLEGGIKGIGKTSTNSSKNLSESPVITKAKEGCQSDSMRQEQSPNANNDQPEDLIQGCSESDSSVLRMSDPSHTTNKLYPKDRVLDDVSIRSPETKCPKQNSIENDIEEKVSDLASRGQEPSKSKTKGNDFFIDDSKLASADDIGTLICKNKKPLIQEESDTIVSSSKSALHSSVPKSTNDRDATPLSRAMDFEGKLGCDSESNSTLENSSDTVSIQDSSEEDMIVQNSNESISEQFRTREQDVEVLEPLKCELVSGESTGNCEDRLPVKGTEANGKKPSQQKKLEERPVNKCSDQIKLKNTTDKKNNENRESEKKGQRTSTFQINGKDNKPKIYLKGECLKEISESRVVSGNVEPKVNNINKIIPENDIKSLTVKESAIRPFINGDVIMEDFNERNSSETKSHLLSSSDAEGNYRDSLETLPSTKESDSTQTTTPSASCPESNSVNQVEDMEIETSEVKKVTSSPITSEEESNLSNDFIDENGLPINKNENVNGESKRKTVITEVTTMTSTVATESKTVIKVEKGDKQTVVSSTENCAKSTVTTTTTTVTKLSTPSTGGSVDIISVKEQSKTVVTTTVTDSLTTTGGTLVTSMTVSKEYSTRDKVKLMKFSRPKKTRSGTALPSYRKFVTKSSKKSIFVLPNDDLKKLARKGGIREVPYFNYNAKPALDIWPYPSPRPTFGITWRYRLQTVKSLAGVSLMLRLLWASLRWDDMAAKAPPGGGTTRTETSETEITTTEIIKRRDVGPYGIRSEYCIRKIICPIGVPETPKETPTPQRKGLRSSALRPKRPETPKQTGPVIIETWVAEEELELWEIRAFAERVEKEKAQAVEQQAKKRLEQQKPTVIATSTTSPTSSTTSTISPAQKVMVAPISGSVTTGTKMVLTTKVGSPATVTFQQNKNFHQTFATWVKQGQSNSGVVQVQQKVLGIIPSSTGTSQQTFTSFQPRTATVTIRPNTSGSGGTTSNSQVITGPQIRPGMTVIRTPLQQSTLGKAIIRTPVMVQPGAPQQVMTQIIRGQPVSTAVSAPNTVSSTPGQKSLTSATSTSNIQSSASQPPRPQQGQVKLTMAQLTQLTQGHGGNQGLTVVIQGQGQTTGQLQLIPQGVTVLPGPGQQLMQAAMPNGTVQRFLFTPLATTATTASTTTTTVSTTAAGTGEQRQSKLSPQMQVHQDKTLPPAQSSSVGPAEAQPQTAQPSAQPQPQTQPQSPAQPEVQTQPEVQTQTTVSSHVPSEAQPTHAQSSKPQVAAQSQPQSNVQGQSPVRVQSPSQTRIRPSTPSQLSPGQQSQVQTTTSQPIPIQPHTSLQIPSQGQPQSQPQVQSSTQTLSSGQTLNQVTVSSPSRPQLQIQQPQPQVIAVPQLQQQVQVLSQIQSQVVAQIQAQQSGVPQQIKLQLPIQIQQSSAVQTHQIQNVVTVQAASVQEQLQRVQQLRDQQQKKKQQQIEIKREHTLQASNQSEIIQKQVVMKHNAVIEHLKQKKSMTPAEREENQRMIVCNQVMKYILDKIDKEEKQAAKKRKREESVEQKRSKQNATKLSALLFKHKEQLRAEILKKRALLDKDLQIEVQEELKRDLKIKKEKDLMQLAQATAVAAPCPPVTPAPPAPPAPPPSPPPPPAVQHTGLLSTPTLPAASQKRKREEEKDSSSKSKKKKMISTTSKETKKDTKLYCICKTPYDESKFYIGCDRCQNWYHGRCVGILQSEAELIDEYVCPQCQSTEDAMTVLTPLTEKDYEGLKRVLRSLQAHKMAWPFLEPVDPNDAPDYYGVIKEPMDLATMEERVQRRYYEKLTEFVADMTKIFDNCRYYNPSDSPFYQCAEVLESFFVQKLKGFKASRSHNNKLQSTAS,0
CC(C)CCC[C@@H](C)[C@H]1CC[C@H]2[C@@H]3CC=C4C[C@@H](O)CC[C@]4(C)[C@H]3CC[C@]12C,MTQSNNTGILEKFVNTVMGVKTENQQQPSNTLIATTQALDIRAVLVYKLGTILQIAAMMLALLGMEKLVMLIDKNSHLPSWFSTLLAVLFFALLSIRSRIFSLLDNTRSRKTYDQVIRPRWAPPPLVFPIVWMIIAVLRVISSVLIWQQMHHQFLALPLILFVVHLALGDTWNTIFTVERRLGAAVPVVILGPWLSALVVTAIYWQTNPVAGMIFSFSCIWLTVAAVLVFRIWQLNGSEPLYPLKLTPVEK,0
CC[C@H](C)[C@H](NC(=O)[C@@H](NC(=O)[C@H](CC(O)=O)NC(=O)[C@H](CC(C)C)NC(=O)[C@@H](NC(C)=O)C(c1ccccc1)c1ccccc1)[C@@H](C)CC)C(=O)N[C@@H](Cc1c[nH]c2ccccc12)C(O)=O,MSGSKSVSPPGYAAQKTAAPAPRGGPEHRSAWGEADSRANGYPHAPGGSARGSTKKPGGAVTPQQQQRLASRWRSDDDDDPPLSGDDPLAGGFGFSFRSKSAWQERGGDDCGRGSRRQRRGAASGGSTRAPPAGGGGGSAAAAASAGGTEVRPRSVEVGLEERRGKGRAADELEAGAVEGGEGSGDGGSSADSGSGAGPGAVLSLGACCLALLQIFRSKKFPSDKLERLYQRYFFRLNQSSLTMLMAVLVLVCLVMLAFHAARPPLQLPYLAVLAAAVGVILIMAVLCNRAAFHQDHMGLACYALIAVVLAVQVVGLLLPQPRSASEGIWWTVFFIYTIYTLLPVRMRAAVLSGVLLSALHLAIALRTNAQDQFLLKQLVSNVLIFSCTNIVGVCTHYPAEVSQRQAFQETRECIQARLHSQRENQQQERLLLSVLPRHVAMEMKADINAKQEDMMFHKIYIQKHDNVSILFADIEGFTSLASQCTAQELVMTLNELFARFDKLAAENHCLRIKILGDCYYCVSGLPEARADHAHCCVEMGMDMIEAISLVREVTGVNVNMRVGIHSGRVHCGVLGLRKWQFDVWSNDVTLANHMEAGGKAGRIHITKATLNYLNGDYEVEPGCGGERNAYLKEHSIETFLILRCTQKRKEEKAMIAKMNRQRTNSIGHNPPHWGAERPFYNHLGGNQVSKEMKRMGFEDPKDKNAQESANPEDEVDEFLGRAIDARSIDRLRSEHVRKFLLTFREPDLEKKYSKQVDDRFGAYVACASLVFLFICFVQITIVPHSIFMLSFYLTCSLLLTLVVFVSVIYSCVKLFPSPLQTLSRKIVRSKMNSTLVGVFTITLVFLAAFVNMFTCNSRDLLGCLAQEHNISASQVNACHVAESAVNYSLGDEQGFCGSPWPNCNFPEYFTYSVLLSLLACSVFLQISCIGKLVLMLAIELIYVLIVEVPGVTLFDNADLLVTANAIDFFNNGTSQCPEHATKVALKVVTPIIISVFVLALYLHAQQVESTARLDFLWKLQATEEKEEMEELQAYNRRLLHNILPKDVAAHFLARERRNDELYYQSCECVAVMFASIANFSEFYVELEANNEGVECLRLLNEIIADFDEIISEDRFRQLEKIKTIGSTYMAASGLNDSTYDKVGKTHIKALADFAMKLMDQMKYINEHSFNNFQMKIGLNIGPVVAGVIGARKPQYDIWGNTVNVASRMDSTGVPDRIQVTTDMYQVLAANTYQLECRGVVKVKGKGEMMTYFLNGGPPLS,0
OC(=O)[C@@H](Cc1ccccc1)NC(=O)Cn1c2C[C@@H](CCc2c2cc(Br)ccc12)C(O)=O,MKFTVEREHLLKPLQQVSGPLGGRPTLPILGNLLLQVADGTLSLTGTDLEMEMVARVALVQPHEPGATTVPARKFFDICRGLPEGAEIAVQLEGERMLVRSGRSRFSLSTLPAADFPNLDDWQSEVEFTLPQATMKRLIEATQFSMAHQDVRYYLNGMLFETEGEELRTVATDGHRLAVCSMPIGQSLPSHSVIVPRKGVIELMRMLDGGDNPLRVQIGSNNIRAHVGDFIFTSKLVDGRFPDYRRVLPKNPDKHLEAGCDLLKQAFARAAILSNEKFRGVRLYVSENQLKITANNPEQEEAEEILDVTYSGAEMEIGFNVSYVLDVLNALKCENVRMMLTDSVSSVQIEDAASQSAAYVVMPMRL,0
CN1C(=O)C(=C(Cc2ccc(Cl)cc2)C1(O)Cc1ccc(Cl)cc1)c1c[nH]c2cc(Cl)ccc12,MCNTNMSVPTDGAVTTSQIPASEQETLVRPKPLLLKLLKSVGAQKDTYTMKEVLFYLGQYIMTKRLYDEKQQHIVYCSNDLLGDLFGVPSFSVKEHRKIYTMIYRNLVVVNQQESSDS,0
Nc1nc(Cl)c(cc1F)C#N,MEEKQILCVGLVVLDVISLVDKYPKEDSEIRCLSQRWQRGGNASNSCTVLSLLGAPCAFMGSMAPGHVADFLVADFRRRGVDVSQVAWQSKGDTPSSCCIINNSNGNRTIVLHDTSLPDVSATDFEKVDLTQFKWIHIEGRNASEQVKMLQRIDAHNTRQPPEQKIRVSVEVEKPREELFQLFGYGDVVFVSKDVAKHLGFQSAEEALRGLYGRVRKGAVLVCAWAEEGADALGPDGKLLHSDAFPPPRVVDTLGAGDTFNASVIFSLSQGRSVQEALRFGCQVAGKKCGLQGFDGIV,0
CSCC[C@H](NC(=O)[C@H](C)NC(=O)[C@H](CC(O)=O)NC(=O)[C@H](C)N)C(=O)N[C@@H](CCSC)C(=O)N[C@@H](CCC(N)=O)C(=O)N[C@@H](C)C(=O)N[C@@H](CC(C)C)C(=O)N[C@@H](CC(C)C)C(=O)NCC(=O)N[C@@H](C)C(=O)N[C@@H](CCCNC(N)=N)C(O)=O,IYKAAVEQLTEEQKNEFKAAFDIFVLGAEDGCISTKELGKVMRMLGQNPTPEELQEMIDEVDEDGSGTVDFDEFLVMMVRCM,0
CN(C)C(=O)Nc1ccc(CN2CCC(CC2)C(O)(c2ccc(cc2)C(F)(F)F)c2ccc(cc2)C(F)(F)F)cc1,MRGLPRGRGLMRARGRGRAAPTGGRGRGRGGAHRGRGRPRSLLSLPRAQASWAPQLPAGLTGPPVPCLPSQGEAPAEMGALLLEKEPRGAAERVHSSLGDTPQSEETLPKANPDSLEPAGPSSPASVTVTVGDEGADTPVGAASLIGDEPESLEGDGGRIVLGHATKSFPSSPSKGGACPSRAKMSMTGAGKSPPSVQSLAMRLLSMPGAQGAATAGPEPSPATTAAQEGQPKVHRARKTMSKPSNGQPPIPEKRPPEVQHFRMSDDMHLGKVTSDVAKRRKLNSGSLSEDLGSAGGSGDIILEKGEPRPLEEWETVVGDDFSLYYDAYSVDERVDSDSKSEVEALAEQLSEEEEEEEEEEEEEEEEEEEEEEEEEDEESGNQSDRSGSSGRRKAKKKWRKDSPWVKPSRKRRKREPPRAKEPRGVNGVGSSGPSEYMEVPLGSLELPSEGTLSPNHAGVSNDTSSLETERGFEELPLCSCRMEAPKIDRISERAGHKCMATESVDGELLGCNAAILKRETMRPSSRVALMVLCEAHRARMVKHHCCPGCGYFCTAGTFLECHPDFRVAHRFHKACVSQLNGMVFCPHCGEDASEAQEVTIPRGDGGTPPIGTAAPALPPLAHDAPGRADTSQPSARMRGHGEPRRPPCDPLADTIDSSGPSLTLPNGGCLSAVGLPPGPGREALEKALVIQESERRKKLRFHPRQLYLSVKQGELQKVILMLLDNLDPNFQSDQQSKRTPLHAAAQKGSVEICHVLLQAGANINAVDKQQRTPLMEAVVNNHLEVARYMVQLGGCVYSKEEDGSTCLHHAAKIGNLEMVSLLLSTGQVDVNAQDSGGWTPIIWAAEHKHIDVIRMLLTRGADVTLTDNEENICLHWASFTGSAAIAEVLLNAQCDLHAVNYHGDTPLHIAARESYHDCVLLFLSRGANPELRNKEGDTAWDLTPERSDVWFALQLNRKLRLGVGNRAVRTEKIICRDVARGYENVPIPCVNGVDGEPCPEDYKYISENCETSTMNIDRNITHLQHCTCVDDCSSSNCLCGQLSIRCWYDKDGRLLQEFNKIEPPLIFECNQACSCWRSCKNRVVQSGIKVRLQLYRTAKMGWGVRALQTIPQGTFICEYVGELISDAEADVREDDSYLFDLDNKDGEVYCIDARYYGNISRFINHLCDPNIIPVRVFMLHQDLRFPRIAFFSSRDIRTGEELGFDYGDRFWDIKSKYFTCQCGSEKCKHSAEAIALEQSRLARLDPHPELLPDLSSLPPINT,0
C[C@H](CCC(O)=O)[C@H]1CC[C@H]2[C@@H]3CC[C@@H]4C[C@H](O)CC[C@]4(C)[C@H]3C[C@H](O)[C@]12C,MNLPTAQEVQGLMARYIELVDVGDIEAIVQMYADDATVEDPFGQPPIHGREQIAAFYRQGLGGGKVRACLTGPVRASHNGCGAMPFRVEMVWNGQPCALDVIDVMRFDEHGRIQTMQAYWSEVNLSVREPQ,0
CN1CCC[C@H]1c1ccc(=O)[nH]c1,MYDAIVVGGGFSGLKAARDLTNAGKKVLLLEGGERLGGRAYSRESRNVPGLRVEIGGAYLHRKHHPRLAAELDRYGIPTAAASEFTSFRHRLGPTAVDQAFPIPGSEAVAVEAATYTLLRDAHRIDLEKGLENQDLEDLDIPLNEYVDKLDLPPVSRQFLLAWAWNMLGQPADQASALWMLQLVAAHHYSILGVVLSLDEVFSNGSADLVDAMSQEIPEIRLQTVVTGIDQSGDVVNVTVKDGHAFQAHSVIVATPMNTWRRIVFTPALPERRRSVIEEGHGGQGLKILIHVRGAEAGIECVGDGIFPTLFDYCEVSESERLLVAFTDSGSFDPTDIGAVKDAVLYYLPEVEVLGIDYHDWIADPLFEGPWVAPRVGQFSRVHKELGEPAGRIHFVGSDVSLEFPGYIEGALETAECAVNAILHS,0
CC(C)[C@H](NC(=O)[C@@H](NC(=O)[C@H](C)NC(=O)[C@@H](NC(=O)[C@@H](N)[C@@H](C)O)[C@@H](C)O)[C@@H](C)O)C(=O)N[C@@H]([C@@H](C)O)C(=O)N[C@@H](CCCCN)C(=O)N[C@@H](Cc1ccc(O)cc1)C(=O)N[C@@H](Cc1c[nH]c2ccccc12)C(=O)N[C@@H](Cc1ccccc1)C(O)=O,MGNLKSVGQEPGPPCGLGLGLGLGLCGKQGPASPAPEPSRAPAPATPHAPDHSPAPNSPTLTRPPEGPKFPRVKNWELGSITYDTLCAQSQQDGPCTPRCCLGSLVLPRKLQTRPSPGPPPAEQLLSQARDFINQYYSSIKRSGSQAHEERLQEVEAEVASTGTYHLRESELVFGAKQAWRNAPRCVGRIQWGKLQVFDARDCSSAQEMFTYICNHIKYATNRGNLRSAITVFPQRAPGRGDFRIWNSQLVRYAGYRQQDGSVRGDPANVEITELCIQHGWTPGNGRFDVLPLLLQAPDEAPELFVLPPELVLEVPLEHPTLEWFAALGLRWYALPAVSNMLLEIGGLEFSAAPFSGWYMSTEIGTRNLCDPHRYNILEDVAVCMDLDTRTTSSLWKDKAAVEINLAVLHSFQLAKVTIVDHHAATVSFMKHLDNEQKARGGCPADWAWIVPPISGSLTPVFHQEMVNYILSPAFRYQPDPWKGSATKGAGITRKKTFKEVANAVKISASLMGTLMAKRVKATILYASETGRAQSYAQQLGRLFRKAFDPRVLCMDEYDVVSLEHEALVLVVTSTFGNGDPPENGESFAAALMEMSGPYNSSPRPEQHKSYKIRFNSVSCSDPLVSSWRRKRKESSNTDSAGALGTLRFCVFGLGSRAYPHFCAFARAVDTRLEELGGERLLQLGQGDELCGQEEAFRGWAKAAFQASCETFCVGEEAKAAAQDIFSPKRSWKRQRYRLSTQAEGLQLLPGLIHVHRRKMFQATVLSVENLQSSKSTRATILVRLDTAGQEGLQYQPGDHIGICPPNRPGLVEALLSRVEDPPPPTESVAVEQLEKGSPGGPPPSWVRDPRLPPCTLRQALTFFLDITSPPSPRLLRLLSTLAEEPSEQQELETLSQDPRRYEEWKWFRCPTLLEVLEQFPSVALPAPLLLTQLPLLQPRYYSVSSAPNAHPGEVHLTVAVLAYRTQDGLGPLHYGVCSTWLSQLKTGDPVPCFIRGAPSFRLPPDPYVPCILVGPGTGIAPFRGFWQERLHDIESKGLQPAPMTLVFGCRCSQLDHLYRDEVQDAQERGVFGRVLTAFSREPDSPKTYVQDILRTELAAEVHRVLCLERGHMFVCGDVTMATSVLQTVQRILATEGDMELDEAGDVIGVLRDQQRYHEDIFGLTLRTQEVTSRIRTQSFSLQERHLRGAVPWAFDPPGPDTPGP,1
C[C@@H]([C@H]1C[C@H](OC(C)=O)[C@H]2[C@@H]3C[C@@H]4O[C@]44[C@@H](O)C=CC(=O)[C@]4(C)[C@H]3CC[C@]12C)[C@H]1C[C@]2(C)O[C@]2(C)[C@H](O)O1,MMRLRGSGMLRDLLLRSPAGVSATLRRAQPLVTLCRRPRGGGRPAAGPAAAARLHPWWGGGGWPAEPLARGLSSSPSEILQELGKGSTHPQPGVSPPAAPAAPGPKDGPGETDAFGNSEGKELVASGENKIKQGLLPSLEDLLFYTIAEGQEKIPVHKFITALKSTGLRTSDPRLKECMDMLRLTLQTTSDGVMLDKDLFKKCVQSNIVLLTQAFRRKFVIPDFMSFTSHIDELYESAKKQSGGKVADYIPQLAKFSPDLWGVSVCTVDGQRHSTGDTKVPFCLQSCVKPLKYAIAVNDLGTEYVHRYVGKEPSGLRFNKLFLNEDDKPHNPMVNAGAIVVTSLIKQGVNNAEKFDYVMQFLNKMAGNEYVGFSNATFQSERESGDRNFAIGYYLKEKKCFPEGTDMVGILDFYFQLCSIEVTCESASVMAATLANGGFCPITGERVLSPEAVRNTLSLMHSCGMYDFSGQFAFHVGLPAKSGVAGGILLVVPNVMGMMCWSPPLDKMGNSVKGIHFCHDLVSLCNFHNYDNLRHFAKKLDPRREGGDQRVKSVINLLFAAYTGDVSALRRFALSAMDMEQRDYDSRTALHVAAAEGHVEVVKFLLEACKVNPFPKDRWNNTPMDEALHFGHHDVFKILQEYQVQYTPQGDSDNGKENQTVHKNLDGLL,0
CCCCCCCCCCCCCCCCCCCCCCCOC(=O)N[C@@H](CO[C@@H]1O[C@@H](CO)[C@H](O)[C@H](O)[C@@H]1O)[C@H](O)\C=C\CCCCCCCCCCCCC,MRVKEKYQHLWRWGWRWGTMLLGMLMICSATEKLWVTVYYGVPVWKEATTTLFCASDAKAYDTEVHNVWATHACVPTDPNPQEVVLVNVTENFNMWKNDMVEQMHEDIISLWDQSLKPCVKLTPLCVSLKCTDLKNDTNTNSSSGRMIMEKGEIKNCSFNISTSIRGKVQKEYAFFYKLDIIPIDNDTTSYKLTSCNTSVITQACPKVSFEPIPIHYCAPAGFAILKCNNKTFNGTGPCTNVSTVQCTHGIRPVVSTQLLLNGSLAEEEVVIRSVNFTDNAKTIIVQLNTSVEINCTRPNNNTRKRIRIQRGPGRAFVTIGKIGNMRQAHCNISRAKWNNTLKQIASKLREQFGNNKTIIFKQSSGGDPEIVTHSFNCGGEFFYCNSTQLFNSTWFNSTWSTEGSNNTEGSDTITLPCRIKQIINMWQKVGKAMYAPPISGQIRCSSNITGLLLTRDGGNSNNESEIFRPGGGDMRDNWRSELYKYKVVKIEPLGVAPTKAKRRVVQREKRAVGIGALFLGFLGAAGSTMGAASMTLTVQARQLLSGIVQQQNNLLRAIEAQQHLLQLTVWGIKQLQARILAVERYLKDQQLLGIWGCSGKLICTTAVPWNASWSNKSLEQIWNHTTWMEWDREINNYTSLIHSLIEESQNQQEKNEQELLELDKWASLWNWFNITNWLWYIKLFIMIVGGLVGLRIVFAVLSIVNRVRQGYSPLSFQTHLPTPRGPDRPEGIEEEGGERDRDRSIRLVNGSLALIWDDLRSLCLFSYHRLRDLLLIVTRIVELLGRRGWEALKYWWNLLQYWSQELKNSAVSLLNATAIAVAEGTDRVIEVVQGACRAIRHIPRRIRQGLERILL,1
C[C@H](O)[C@H](O)[C@H]1CNc2nc(N)[nH]c(=O)c2N1,MEDHMFGVQQIQPNVISVRLFKRKVGGLGFLVKERVSKPPVIISDLIRGGAAEQSGLIQAGDIILAVNGRPLVDLSYDSALEVLRGIASETHVVLILRGPEGFTTHLETTFTGDGTPKTIRVTQPLGPPTKAVDLSHQPPAGKEQPLAVDGASGPGNGPQHAYDDGQEAGSLPHANGLAPRPPGQDPAKKATRVSLQGRGENNELLKEIEPVLSLLTSGSRGVKGGAPAKAEMKDMGIQVDRDLDGKSHKPLPLGVENDRVFNDLWGKGNVPVVLNNPYSEKEQPPTSGKQSPTKNGSPSKCPRFLKVKNWETEVVLTDTLHLKSTLETGCTEYICMGSIMHPSQHARRPEDVRTKGQLFPLAKEFIDQYYSSIKRFGSKAHMERLEEVNKEIDTTSTYQLKDTELIYGAKHAWRNASRCVGRIQWSKLQVFDARDCTTAHGMFNYICNHVKYATNKGNLRSAITIFPQRTDGKHDFRVWNSQLIRYAGYKQPDGSTLGDPANVQFTEICIQQGWKPPRGRFDVLPLLLQANGNDPELFQIPPELVLEVPIRHPKFEWFKDLGLKWYGLPAVSNMLLEIGGLEFSACPFSGWYMGTEIGVRDYCDNSRYNILEEVAKKMNLDMRKTSSLWKDQALVEINIAVLYSFQSDKVTIVDHHSATESFIKHMENEYRCRGGCPADWVWIVPPMSGSITPVFHQEMLNYRLTPSFEYQPDPWNTHVWKGTNGTPTKRRAIGFKKLAEAVKFSAKLMGQAMAKRVKATILYATETGKSQAYAKTLCEIFKHAFDAKVMSMEEYDIVHLEHETLVLVVTSTFGNGDPPENGEKFGCALMEMRHPNSVQEERKSYKVRFNSVSSYSDSQKSSGDGPDLRDNFESAGPLANVRFSVFGLGSRAYPHFCAFGHAVDTLLEELGGERILKMREGDELCGQEEAFRTWAKKVFKAACDVFCVGDDVNIEKANNSLISNDRSWKRNKFRLTFVAEAPELTQGLSNVHKKRVSAARLLSRQNLQSPKSSRSTIFVRLHTNGSQELQYQPGDHLGVFPGNHEDLVNALIERLEDAPPVNQMVKVELLEERNTALGVISNWTDELRLPPCTIFQAFKYYLDITTPPTPLQLQQFASLATSEKEKQRLLVLSKGLQEYEEWKWGKNPTIVEVLEEFPSIQMPATLLLTQLSLLQPRYYSISSSPDMYPDEVHLTVAIVSYRTRDGEGPIHHGVCSSWLNRIQADELVPCFVRGAPSFHLPRNPQVPCILVGPGTGIAPFRSFWQQRQFDIQHKGMNPCPMVLVFGCRQSKIDHIYREETLQAKNKGVFRELYTAYSREPDKPKKYVQDILQEQLAESVYRALKEQGGHIYVCGDVTMAADVLKAIQRIMTQQGKLSAEDAGVFISRMRDDNRYHEDIFGVTLRTYEVTNRLRSESIAFIEESKKDTDEVFSS,0
N[C@@H](CCC(=O)N[C@@H](CSSC[C@H](NC(=O)CC[C@H](N)C(O)=O)C(=O)NCC(O)=O)C(=O)NCC(O)=O)C(O)=O,MKLNTKFSLLATTLLVSTVAQAADKTFINCVSRSPTGFSPALVMDGISYNASSQQVYNRLVEFKRGSTDIEPALAESWTVSDDGLTYTFNLRKGVKFHSNKEFTPSRDFNADDVVFSFQRQLDPNHPYHNVSKATYPYFKAMKFPTLLKSVEKVDDHTVKITLNRQDATFLASLGMDFISIYSAEYADKMLAAGKPETIDTTPIGTGPFVFAGYQVDQKSRYLAHKEYWKGKADIDRLIFEIVPDATARYAKLQAGACDLIDFPNAADLEKMKTDPKVNLLSQEGLNIAYIAFNTEKAPFDNVKVRQALNYAVDKNAIIDAVYRGAGVAAKNPLPPTIWGYNNEITGYEYNPKKAKQLLKEAGFENGFETDIWVQPVVRASNPNPRRMAELVQSDWEKVGVKSKLVSYEWGDYIKRTKAGELTAGTYGWSGDNGDPDNFLSPLFGSENVGNSNYARFKNPELDALLHKAVGLSDKAERAKIYEQAQVLLKEQAPWINVAHSINFAPTSKRVQDYKQSPFGYTYLYGTKLAD,0
CSCC[C@H](NC(=O)[C@@H](NC(=O)[C@@H](NC(=O)[C@H](CCC(O)=O)NC(=O)[C@H](Cc1c[nH]c2ccccc12)NC(=O)[C@H](CCC(O)=O)NC(=O)[C@H](CCC(O)=O)NC(=O)[C@H](CCC(N)=O)NC(=O)[C@H](CC(C)C)NC(=O)[C@H](CC(C)C)NC(=O)[C@H](C)NC(=O)[C@@H]1CCCN1C(=O)[C@@H]1CCCN1C(=O)[C@H](CCCNC(N)=N)NC(=O)[C@H](CCC(O)=O)NC(=O)[C@@H]1CCCN1C(=O)[C@H](CS)NC(=O)[C@H](CO)NC(=O)[C@H](C)NC(=O)[C@H](CCC(O)=O)NC(=O)[C@H](CCC(O)=O)NC(=O)[C@H](CC(O)=O)NC(=O)CCCC[C@@H]1SC[C@@H]2NC(=O)N[C@H]12)[C@@H](C)O)C(C)C)C(O)=O,MSADAAAGAPLPRLCCLEKGPNGYGFHLHGEKGKLGQYIRLVEPGSPAEKAGLLAGDRLVEVNGENVEKETHQQVVSRIRAALNAVRLLVVDPETDEQLQKLGVQVREELLRAQEAPGQAEPPAAAEVQGAGNENEPREA,0
CCCc1c(O)c(ccc1OCCCOc1ccc(OCC(O)=O)cc1)C(C)=O,MEQPQEEAPEVREEEEKEEVAEAEGAPELNGGPQHALPSSSYTDLSRSSSPPSLLDQLQMGCDGASCGSLNMECRVCGDKASGFHYGVHACEGCKGFFRRTIRMKLEYEKCERSCKIQKKNRNKCQYCRFQKCLALGMSHNAIRFGRMPEAEKRKLVAGLTANEGSQYNPQVADLKAFSKHIYNAYLKNFNMTKKKARSILTGKASHTAPFVIHDIETLWQAEKGLVWKQLVNGLPPYKEISVHVFYRCQCTTVETVRELTEFAKSIPSFSSLFLNDQVTLLKYGVHEAIFAMLASIVNKDGLLVANGSGFVTREFLRSLRKPFSDIIEPKFEFAVKFNALELDDSDLALFIAAIILCGDRPGLMNVPRVEAIQDTILRALEFHLQANHPDAQYLFPKLLQKMADLRQLVTEHAQMMQRIKKTETETSLHPLLQEIYKDMY,1
CSCC[C@H](NC(=O)[C@H](CCC(N)=O)NC(=O)[C@H](CC(O)=O)NC(=O)[C@H](CO)NC(=O)[C@H](CCCCN)NC(=O)[C@@H](NC(=O)[C@@H](NC(=O)[C@H](CC(C)C)NC(=O)[C@H](CC(C)C)NC(=O)[C@H](CCC(N)=O)NC(=O)[C@H](CC(C)C)NC(=O)[C@H](CC(C)C)NC(=O)[C@H](CCCCN)NC(=O)[C@@H](NC(=O)[C@H](CCC(N)=O)NC(=O)CNC(=O)[C@H](CCCCN)NC(=O)[C@H](CO)NC(=O)[C@H](CC(O)=O)NC(=O)[C@@H](N)Cc1cnc[nH]1)[C@@H](C)O)[C@@H](C)O)[C@@H](C)O)C(O)=O,ASSTTSPTEETTQKLTVSHIEGYECQPIFLNVLEAIEPGVVCAGHDNNQPDSFAALLSSLNELGERQLVHVVKWAKALPGFRNLHVDDQMAVIQYSWMGLMVFAMGWRSFTNVNSRMLYFAPDLVFNEYRMHKSRMYSQCVRMRHLSQEFGWLQITPQEFLCMKALLLFSIIPVDGLKNQKFFDELRMNYIKELDRIIACKRKNPTSCSRRFYQLTKLLDSVQPIARELHQFTFDLLIKSHMVSVDFPEMMAEIISVQVPKILSGKVKPIYFHT,0
CSCC[C@H](NC(=O)[C@@H](NC(=O)[C@@H](NC(=O)[C@H](CCC(O)=O)NC(=O)[C@H](Cc1c[nH]c2ccccc12)NC(=O)[C@H](CCC(O)=O)NC(=O)[C@H](CCC(O)=O)NC(=O)[C@H](CCC(N)=O)NC(=O)[C@H](CC(C)C)NC(=S)Nc1ccc2c(c1)C(=O)OC21c2ccc(O)cc2Oc2cc(O)ccc12)[C@@H](C)O)C(C)C)C(O)=O,NENEPREADKSHPEQRELRPRLCTMKKGPSGYGFNLHSDKSKPGQFIRSVDPDSPAEASGLRAQDRIVEVNGVCMEGKQHGDVVSAIRAGGDETKLLVVDRETDEFFKKCRVIPSQEHLNGPLPVPFTNGEIQKENSREALAEAALESPRPALVRSASSDTSEELNSQ,0
Cc1cc(C)c(Nc2cc(c(N)c3C(=O)c4ccccc4C(=O)c23)S([O-])(=O)=O)c(C)c1,MTEVLWPAVPNGTDAAFLAGPGSSWGNSTVASTAAVSSSFKCALTKTGFQFYYLPAVYILVFIIGFLGNSVAIWMFVFHMKPWSGISVYMFNLALADFLYVLTLPALIFYYFNKTDWIFGDAMCKLQRFIFHVNLYGSILFLTCISAHRYSGVVYPLKSLGRLKKKNAICISVLVWLIVVVAISPILFYSGTGVRKNKTITCYDTTSDEYLRSYFIYSMCTTVAMFCVPLVLILGCYGLIVRALIYKDLDNSPLRRKSIYLVIIVLTVFAVSYIPFHVMKTMNLRARLDFQTPAMCAFNDRVYATYQVTRGLASLNSCVDPILYFLAGDTFRRRLSRATRKASRRSEANLQSKSEDMTLNILPEFKQNGDTSL,0
C[C@@]12Oc3c4c(C[C@H]5N(CC6CC6)CC[C@@]14[C@]5(CCC2=O)NC(=O)CSSCC(=O)N[C@]12CCC(=O)[C@]4(C)Oc5c6c(C[C@H]1N(CC1CC1)CC[C@@]246)ccc5O)ccc3O,MDSGAVPTNASNCTDPFTHPSSCSPAPSPSSWVNFSHLEGNLSDPCGPNRTELGGSDRLCPSAGSPSMITAIIIMALYSIVCVVGLFGNFLVMYVIVRYTKMKTATNIYIFNLALADALATSTLPFQSVNYLMGTWPFGTILCKIVISIDYYNMFTSIFTLCTMSVDRYIAVCHPVKALDLRTPRNAKIINICNWILSSAIGLPVMFMATTKYRQGSIDCTLTFSHPTWYWENLLKICVFIFAFIMPILIITVCYGLMILRLKSVRMLSGSKEKDRNLRRITRMVLVVVAVFIVCWTPIHIYVIIKALITIPETTFQTVSWHFCIALGYTNSCLNPVLYAFLDENFKRCFREFCIPTSSTIEQQNSTRIRQNTRDHPSTANTVDRTNHQLENLEAETTPLP,1
CSCC[C@H](NC(=O)[C@@H](NC(=O)[C@@H](NC(=O)[C@H](CCC(O)=O)NC(=O)[C@H](Cc1c[nH]c2ccccc12)NC(=O)[C@H](CCC(O)=O)NC(=O)[C@H](CCC(O)=O)NC(=O)[C@H](CCC(N)=O)NC(=O)[C@H](CC(C)C)NC(=S)Nc1ccc2c(c1)C(=O)OC21c2ccc(O)cc2Oc2cc(O)ccc12)[C@@H](C)O)C(C)C)C(O)=O,MSADAAAGAPLPRLCCLEKGPNGYGFHLHGEKGKLGQYIRLVEPGSPAEKAGLLAGDRLVEVNGENVEKETHQQVVSRIRAALNAVRLLVVDPETDEQLQKLGVQVREELLRAQEAPGQAEPPAAAEVQGAGNENEPREA,0
CC(C)C[C@@H]1NC(=O)CNC(=O)[C@@H](CC(O)=O)NC(=O)[C@@H](N)CSSC[C@H](NC(=O)[C@H](CC(N)=O)NC(=O)[C@@H]2C[C@@H](O)CN2C(=O)CNC1=O)C(N)=O,MGPGPSRAPRAPRLMLCALALMVAAGGCVVSAFNLDTRFLVVKEAGNPGSLFGYSVALHRQTERQQRYLLLAGAPRELAVPDGYTNRTGAVYLCPLTAHKDDCERMNITVKNDPGHHIIEDMWLGVTVASQGPAGRVLVCAHRYTQVLWSGSEDQRRMVGKCYVRGNDLELDSSDDWQTYHNEMCNSNTDYLETGMCQLGTSGGFTQNTVYFGAPGAYNWKGNSYMIQRKEWDLSEYSYKDPEDQGNLYIGYTMQVGSFILHPKNITIVTGAPRHRHMGAVFLLSQEAGGDLRRRQVLEGSQVGAYFGSAIALADLNNDGWQDLLVGAPYYFERKEEVGGAIYVFMNQAGTSFPAHPSLLLHGPSGSAFGLSVASIGDINQDGFQDIAVGAPFEGLGKVYIYHSSSKGLLRQPQQVIHGEKLGLPGLATFGYSLSGQMDVDENFYPDLLVGSLSDHIVLLRARPVINIVHKTLVPRPAVLDPALCTATSCVQVELCFAYNQSAGNPNYRRNITLAYTLEADRDRRPPRLRFAGSESAVFHGFFSMPEMRCQKLELLLMDNLRDKLRPIIISMNYSLPLRMPDRPRLGLRSLDAYPILNQAQALENHTEVQFQKECGPDNKCESNLQMRAAFVSEQQQKLSRLQYSRDVRKLLLSINVTNTRTSERSGEDAHEALLTLVVPPALLLSSVRPPGACQANETIFCELGNPFKRNQRMELLIAFEVIGVTLHTRDLQVQLQLSTSSHQDNLWPMILTLLVDYTLQTSLSMVNHRLQSFFGGTVMGESGMKTVEDVGSPLKYEFQVGPMGEGLVGLGTLVLGLEWPYEVSNGKWLLYPTEITVHGNGSWPCRPPGDLINPLNLTLSDPGDRPSSPQRRRRQLDPGGGQGPPPVTLAAAKKAKSETVLTCATGRAHCVWLECPIPDAPVVTNVTVKARVWNSTFIEDYRDFDRVRVNGWATLFLRTSIPTINMENKTTWFSVDIDSELVEELPAEIELWLVLVAVGAGLLLLGLIILLLWKCGFFKRARTRALYEAKRQKAEMKSQPSETERLTDDY,0
Cc1ccc(cc1S(=O)(=O)NCCc1ccccc1)S(=O)(=O)c1ccccc1,MGIGRSEGGRRGAALGVLLALGAALLAVGSASEYDYVSFQSDIGPYQSGRFYTKPPQCVDIPADLRLCHNVGYKKMVLPNLLEHETMAEVKQQASSWVPLLNKNCHAGTQVFLCSLFAPVCLDRPIYPCRWLCEAVRDSCEPVMQFFGFYWPEMLKCDKFPEGDVCIAMTPPNATEASKPQGTTVCPPCDNELKSEAIIEHLCASEFALRMKIKEVKKENGDKKIVPKKKKPLKLGPIKKKDLKKLVLYLKNGADCPCHQLDNLSHHFLIMGRKVKSQYLLTAIHKWDKKNKEFKNFMKKMKNHECPTFQSVFK,0
C[C@@H](O)[C@@H]1NC(=O)[C@H](CC(N)=O)NC(=O)[C@H](CC(O)=O)NC(=O)[C@H](Cc2ccc(cc2)C(O)=O)NC(=O)CNC(=O)[C@H](CCC(O)=O)NC(=O)[C@H](Cc2ccccc2)NC(=O)[C@H](Cc2cc3ccccc3[nH]2)NC(=O)CSC[C@H](NC(=O)[C@@H]2CCCN2C(=O)[C@H](Cc2ccccc2)NC1=O)C(N)=O,MALAGCPDSFLHHPYYQDKVEQTPRSQQDPAGPGLPAQSDRLANHQEDDVDLEALVNDMNASLESLYSACSMQSDTVPLLQNGQHARSQPRASGPPRSIQPQVSPRQRVQRSQPVHILAVRRLQEEDQQFRTSSLPAIPNPFPELCGPGSPPVLTPGSLPPSQAAAKQDVKVFSEDGTSKVVEILADMTARDLCQLLVYKSHCVDDNSWTLVEHHPHLGLERCLEDHELVVQVESTMASESKFLFRKNYAKYEFFKNPMNFFPEQMVTWCQQSNGSQTQLLQNFLNSSSCPEIQGFLHVKELGKKSWKKLYVCLRRSGLYCSTKGTSKEPRHLQLLADLEDSNIFSLIAGRKQYNAPTDHGLCIKPNKVRNETKELRLLCAEDEQTRTCWMTAFRLLKYGMLLYQNYRIPQQRKALLSPFSTPVRSVSENSLVAMDFSGQTGRVIENPAEAQSAALEEGHAWRKRSTRMNILGSQSPLHPSTLSTVIHRTQHWFHGRISREESHRIIKQQGLVDGLFLLRDSQSNPKAFVLTLCHHQKIKNFQILPCEDDGQTFFSLDDGNTKFSDLIQLVDFYQLNKGVLPCKLKHHCIRVAL,0
NC[C@@H]1NC(=O)CNC1=O,MSTMHLLTFALLFSCSFARAACDPKIVNIGAVLSTRKHEQMFREAVNQANKRHGSWKIQLNATSVTHKPNAIQMALSVCEDLISSQVYAILVSHPPTPNDHFTPTPVSYTAGFYRIPVLGLTTRMSIYSDKSIHLSFLRTVPPYSHQSSVWFEMMRVYNWNHIILLVSDDHEGRAAQKRLETLLEERESKAEKVLQFDPGTKNVTALLMEARELEARVIILSASEDDAATVYRAAAMLNMTGSGYVWLVGEREISGNALRYAPDGIIGLQLINGKNESAHISDAVGVVAQAVHELLEKENITDPPRGCVGNTNIWKTGPLFKRVLMSSKYADGVTGRVEFNEDGDRKFANYSIMNLQNRKLVQVGIYNGTHVIPNDRKIIWPGGETEKPRGYQMSTRLKIVTIHQEPFVYVKPTMSDGTCKEEFTVNGDPVKKVICTGPNDTSPGSPRHTVPQCCYGFCIDLLIKLARTMNFTYEVHLVADGKFGTQERVNNSNKKEWNGMMGELLSGQADMIVAPLTINNERAQYIEFSKPFKYQGLTILVKKEIPRSTLDSFMQPFQSTLWLLVGLSVHVVAVMLYLLDRFSPFGRFKVNSEEEEEDALTLSSAMWFSWGVLLNSGIGEGAPRSFSARILGMVWAGFAMIIVASYTANLAAFLVLDRPEERITGINDPRLRNPSDKFIYATVKQSSVDIYFRRQVELSTMYRHMEKHNYESAAEAIQAVRDNKLHAFIWDSAVLEFEASQKCDLVTTGELFFRSGFGIGMRKDSPWKQNVSLSILKSHENGFMEDLDKTWVRYQECDSRSNAPATLTFENMAGVFMLVAGGIVAGIFLIFIEIAYKRHKDARRKQMQLAFAAVNVWRKNLQDRKSGRAEPDPKKKATFRAITSTLASSFKRRRSSKDTSTGGGRGALQNQKDTVLPRRAIEREEGQLQLCSRHRES,0
C[C@H](NC(=O)CCC(O)=O)C(=O)N[C@@H](C)C(=O)N1CCC[C@H]1C(=O)N[C@@H](Cc1ccccc1)C(=O)Nc1ccc(cc1)[N+]([O-])=O,MTAEEMKATESGAQSAPLPMEGVDISPKQDEGVLKVIKREGTGTEMPMIGDRVFVHYTGWLLDGTKFDSSLDRKDKFSFDLGKGEVIKAWDIAIATMKVGEVCHITCKPEYAYGSAGSPPKIPPNATLVFEVELFEFKGEDLTEEEDGGIIRRIQTRGEGYAKPNEGAIVEVALEGYYKDKLFDQRELRFEIGEGENLDLPYGLERAIQRMEKGEHSIVYLKPSYAFGSVGKEKFQIPPNAELKYELHLKSFEKAKESWEMNSEEKLEQSTIVKERGTVYFKEGKYKQALLQYKKIVSWLEYESSFSNEEAQKAQALRLASHLNLAMCHLKLQAFSAAIESCNKALELDSNNEKGLFRRGEAHLAVNDFELARADFQKVLQLYPNNKAAKTQLAVCQQRIRRQLAREKKLYANMFERLAEEENKAKAEASSGDHPTDTEMKEEQKSNTAGSQSQVETEA,0
CC(C)COc1ccc(cc1C#N)-c1nc(C)c(s1)C(=O)Nc1ccc(cc1)S(N)(=O)=O,MSHPSPQAKPSNPSNPRVFFDVDIGGERVGRIVLELFADIVPKTAENFRALCTGEKGIGHTTGKPLHFKGCPFHRIIKKFMIQGGDFSNQNGTGGESIYGEKFEDENFHYKHDREGLLSMANAGRNTNGSQFFITTVPTPHLDGKHVVFGQVIKGIGVARILENVEVKGEKPAKLCVIAECGELKEGDDGGIFPKDGSGDSHPDFPEDADIDLKDVDKILLITEDLKNIGNTFFKSQNWEMAIKKYAEVLRYVDSSKAVIETADRAKLQPIALSCVLNIGACKLKMSNWQGAIDSCLEALELDPSNTKALYRRAQGWQGLKEYDQALADLKKAQGIAPEDKAIQAELLKVKQKIKAQKDKEKAVYAKMFA,0
C[C@H](CCCC(C)(C)O)[C@H]1CC[C@H]2[C@@H]3CC=C4C[C@@H](O)CC[C@]4(C)[C@H]3CC[C@]12C,MGKAAAPSRGGGCGGRSRGLSSLFTVVPCLSCHTAAPGMSASTSGSGPEPKPQPQPVPEPERGPLSEQVSEAVSEAVPRSEPVSETTSEPEPGAGQPSELLQGSRPGSESSSGVGAGPFTKAASEPLSRAVGSATFLRPESGSLPALKPLPLLRPGQAKTPLGVPMSGTGTTSSAPLALLPLDSFEGWLLKWTNYLKGYQRRWFVLGNGLLSYYRNQGEMAHTCRGTINLSTAHIDTEDSCGILLTSGARSYHLKASSEVDRQQWITALELAKAKAVRVMNTHSDDSGDDDEATTPADKSELHHTLKNLSLKLDDLSTCNDLIAKHGAALQRSLTELDGLKIPSESGEKLKVVNERATLFRITSNAMINACRDFLELAEIHSRKWQRALQYEQEQRVHLEETIEQLAKQHNSLERAFHSAPGRPANPSKSFIEGSLLTPKGEDSEEDEDTEYFDAMEDSTSFITVITEAKEDSRKAEGSTGTSSVDWSSADNVLDGASLVPKGSSKVKRRVRIPNKPNYSLNLWSIMKNCIGRELSRIPMPVNFNEPLSMLQRLTEDLEYHHLLDKAVHCTSSVEQMCLVAAFSVSSYSTTVHRIAKPFNPMLGETFELDRLDDMGLRSLCEQVSHHPPSAAHYVFSKHGWSLWQEITISSKFRGKYISIMPLGAIHLEFQASGNHYVWRKSTSTVHNIIVGKLWIDQSGDIEIVNHKTNDRCQLKFLPYSYFSKEAARKVTGVVSDSQGKAHYVLSGSWDEQMECSKVMHSSPSSPSSDGKQKTVYQTLSAKLLWKKYPLPENAENMYYFSELALTLNEHEEGVAPTDSRLRPDQRLMEKGRWDEANTEKQRLEEKQRLSRRRRLEACGPGSSCSSEEEKEADAYTPLWFEKRLDPLTGEMACVYKGGYWEAKEKQDWHMCPNIF,1
NC(=O)[C@H](CCCCNC(=S)Nc1ccc(c(c1)C(O)=O)-c1c2ccc(O)cc2oc2cc(=O)ccc12)NC(=O)CN1C[C@H](Cc2ccccc2)NC(=O)CN(C[C@H](CCC(O)=O)NC(=O)CN(C[C@H](CCC(O)=O)NC(=O)CN(C[C@H](Cc2ccccc2)NC(=O)c2ccc(CSCCC1=O)cc2)C(=O)CCC1CCCCC1)C(=O)Cc1ccc2OCOc2c1)C(=O)CCC(O)=O,MFQAAERPQEWAMEGPRDGLKKERLLDDRHDSGLDSMKDEEYEQMVKELQEIRLEPQEVPRGSEPWKQQLTEDGDSFLHLAIIHEEKALTMEVIRQVKGDLAFLNFQNNLQQTPLHLAVITNQPEIAEALLGAGCDPELRDFRGNTPLHLACEQGCLASVGVLTQSCTTPHLHSILKATNYNGHTCLHLASIHGYLGIVELLVSLGADVNAQEPCNGRTALHLAVDLQNPDLVSLLLKCGADVNRVTYQGYSPYQLTWGRPSTRIQQQLGQLTLENLQMLPESEDEESYDTESEFTEFTEDELPYDDCVFGGQRLTL,0
Cc1csc(NC(=O)c2cc(Sc3nncn3C)ccc2N)n1,MLDDRARMEAAKKEKVEQILAEFQLQEEDLKKVMRRMQKEMDRGLRLETHEEASVKMLPTYVRSTPEGSEVGDFLSLDLGGTNFRVMLVKVGEGEEGQWSVKTKHQMYSIPEDAMTGTAEMLFDYISECISDFLDKHQMKHKKLPLGFTFSFPVRHEDIDKGILLNWTKGFKASGAEGNNVVGLLRDAIKRRGDFEMDVVAMVNDTVATMISCYYEDHQCEVGMIVGTGCNACYMEEMQNVELVEGDEGRMCVNTEWGAFGDSGELDEFLLEYDRLVDESSANPGQQLYEKLIGGKYMGELVRLVLLRLVDENLLFHGEASEQLRTRGAFETRFVSQVESDTGDRKQIYNILSTLGLRPSTTDCDIVRRACESVSTRAAHMCSAGLAGVINRMRESRSEDVMRITVGVDGSVYKLHPSFKERFHASVRRLTPSCEITFIESEEGSGRGAALVSAVACKKACMLGQ,0
COC(=O)Cc1ccc(NC(=O)[C@H](Cc2ccccc2)NC(=O)C2CCCN2P([O-])(=O)CNC(=O)[C@H](C)NC(C)=O)cc1,MTAEEMKATESGAQSAPLPMEGVDISPKQDEGVLKVIKREGTGTEMPMIGDRVFVHYTGWLLDGTKFDSSLDRKDKFSFDLGKGEVIKAWDIAIATMKVGEVCHITCKPEYAYGSAGSPPKIPPNATLVFEVELFEFKGEDLTEEEDGGIIRRIQTRGEGYAKPNEGAIVEVALEGYYKDKLFDQRELRFEIGEGENLDLPYGLERAIQRMEKGEHSIVYLKPSYAFGSVGKEKFQIPPNAELKYELHLKSFEKAKESWEMNSEEKLEQSTIVKERGTVYFKEGKYKQALLQYKKIVSWLEYESSFSNEEAQKAQALRLASHLNLAMCHLKLQAFSAAIESCNKALELDSNNEKGLFRRGEAHLAVNDFELARADFQKVLQLYPNNKAAKTQLAVCQQRIRRQLAREKKLYANMFERLAEEENKAKAEASSGDHPTDTEMKEEQKSNTAGSQSQVETEA,0
O=c1[nH]cnc2n[nH]cc12,MADPRPDPDELARRAAQVIADRTGIGEHDVAVVLGSGWLPAVAALGSPTTVLPQAELPGFVPPTAAGHAGELLSVPIGAHRVLVLAGRIHAYEGHDLRYVVHPVRAARAAGAQIMVLTNAAGGLRADLQVGQPVLISDHLNLTARSPLVGGEFVDLTDAYSPRLRELARQSDPQLAEGVYAGLPGPHYETPAEIRMLQTLGADLVGMSTVHETIAARAAGAEVLGVSLVTNLAAGITGEPLSHAEVLAAGAASATRMGALLADVIARF,0
CC(C)=CCC\C(C)=C\C[C@@]12C[C@H](CC=C(C)C)C(C)(C)[C@@](CC=C(C)C)(C(=O)C(C(=O)c3ccc(O)c(O)c3)C1=O)C2=O,MSQWYELQQLDSKFLEQVHQLYDDSFPMEIRQYLAQWLEKQDWEHAANDVSFATIRFHDLLSQLDDQYSRFSLENNFLLQHNIRKSKRNLQDNFQEDPIQMSMIIYSCLKEERKILENAQRFNQAQSGNIQSTVMLDKQKELDSKVRNVKDKVMCIEHEIKSLEDLQDEYDFKCKTLQNREHETNGVAKSDQKQEQLLLKKMYLMLDNKRKEVVHKIIELLNVTELTQNALINDELVEWKRRQQSACIGGPPNACLDQLQNWFTIVAESLQQVRQQLKKLEELEQKYTYEHDPITKNKQVLWDRTFSLFQQLIQSSFVVERQPCMPTHPQRPLVLKTGVQFTVKLRLLVKLQELNYNLKVKVLFDKDVNERNTVKGFRKFNILGTHTKVMNMEESTNGSLAAEFRHLQLKEQKNAGTRTNEGPLIVTEELHSLSFETQLCQPGLVIDLETTSLPVVVISNVSQLPSGWASILWYNMLVAEPRNLSFFLTPPCARWAQLSEVLSWQFSSVTKRGLNVDQLNMLGEKLLGPNASPDGLIPWTRFCKENINDKNFPFWLWIESILELIKKHLLPLWNDGCIMGFISKERERALLKDQQPGTFLLRFSESSREGAITFTWVERSQNGGEPDFHAVEPYTKKELSAVTFPDIIRNYKVMAAENIPENPLKYLYPNIDKDHAFGKYYSRPKEAPEPMELDGPKGTGYIKTELISVSEVHPSRLQTTDNLLPMSPEEFDEVSRIVGSVEFDSMMNTV,0
CC[C@H](C)[C@@H]1NC(=O)[C@H](Cc2ccc(O)cc2)NC(=O)[C@H](CC(C)C)NC(=O)[C@@H]2CCCN2C(=O)[C@H](CSSC[C@H](NC(=O)[C@@H](NC(=O)[C@@H]2CCCN2C(=O)[C@H](CC(O)=O)NC(=O)[C@H](Cc2ccc(O)cc2)NC(=O)[C@H](CO)NC1=O)C(C)C)C(=O)N[C@@H](CCCNC(N)=N)C(=O)N[C@@H](CCCNC(N)=N)C(=O)N[C@@H](CCCNC(N)=N)C(=O)N[C@@H](CCCNC(N)=N)C(N)=O)NC(=O)[C@H](CCCNC(N)=N)NC(=O)[C@H](CCCNC(N)=N)NC(=O)[C@H](CCCNC(N)=N)NC(=O)[C@H](CCCNC(N)=N)NC(C)=O,MTEYKLVVVGAGGVGKSALTIQLIQNHFVDEYDPTIEDSYRKQVVIDGETCLLDILDTAGQEEYSAMRDQYMRTGEGFLCVFAINNTKSFEDIHHYREQIKRVKDSEDVPMVLVGNKCDLPSRTVDTKQAQDLARSYGIPFIETSAKTRQRVEDAFYTLVREIRQYRLKKISKEEKTPGCVKIKKCIIM,0
CC(C)CCC[C@@H](C)[C@H]1CC[C@H]2[C@@H]3CC=C4C[C@@H](O)CC[C@]4(C)[C@H]3CC[C@]12C,MTQSNNTGILEKFVNTVMGVKTENQQQPSNTLIATTQALDIRAVLVYKLGTILQIAAMMLALLGMEKLVMLIDKNSHLPSWFSTLLAVLFFALLSIRSRIFSLLDNTRSRKTYDQVIRPRWAPPPLVFPIVWMIIAVLRVISSVLIWQQMHHQFLALPLILFVVHLALGDTWNTIFTVERRLGAAVPVVILGPWLSALVVTAIYWQTNPVAGMIFSFSCIWLTVAAVLVFRIWQLNGSEPLYPLKLTPVEK,0
NCCCC[C@@H]1NC(=O)[C@H](CO)NC(=O)[C@H](CO)NC(=O)[C@@H]2CSSC[C@H](NC(=O)[C@@H]3CSSC[C@H](NC(=O)[C@@H](N)CSSC[C@H](NC(=O)[C@H](Cc4c[nH]c5ccccc45)NC1=O)C(=O)N[C@@H](CCCN=C(N)N)C(=O)N[C@@H](CC(O)=O)C(=O)N[C@@H](Cc1cnc[nH]1)C(=O)N[C@@H](CO)C(=O)N[C@@H](CCCN=C(N)N)C(=O)N3)C(=O)N[C@H](CC(N)=O)C(=O)N2)C(N)=O,MAMLPPPGPQSFVHFTKQSLALIEQRISEEKAKEHKDEKKDDEEEGPKPSSDLEAGKQLPFIYGDIPPGMVSEPLEDLDPYYADKKTFIVLNKGKAIFRFNATPALYMLSPFSPLRRISIKILVHSLFSMLIMCTILTNCIFMTLSNPPEWTKNVEYTFTGIYTFESLIKILARGFCVGEFTFLRDPWNWLDFVVIVFAYLTEFVNLGNVSALRTFRVLRALKTISVIPGLKTIVGALIQSVKKLSDVMILTVFCLSVFALIGLQLFMGNLKHKCFRKELEENETLESIMNTAESEEELKKYFYYLEGSKDALLCGFSTDSGQCPEGYICVKAGRNPDYGYTSFDTFSWAFLALFRLMTQDYWENLYQQTLRAAGKTYMIFFVVVIFLGSFYLINLILAVVAMAYEEQNQANIEEAKQKELEFQQMLDRLKKEQEEAEAIAAAAAEFTSIGRSRIMGLSESSSETSRLSSKSAKERRNRRKKKKQKMSSGEEKGDDEKLSKSGSEESIRKKSFHLGVEGHHRTREKRLSTPNQSPLSIRGSLFSARRSSRTSLFSFKGRGRDLGSETEFADDEHSIFGDNESRRGSLFVPHRPRERRSSNISQASRSPPVLPVNGKMHSAVDCNGVVSLVDGPSALMLPNGQLLPEVIIDKATSDDSGTTNQMRKKRLSSSYFLSEDMLNDPHLRQRAMSRASILTNTVEELEESRQKCPPWWYRFAHTFLIWNCSPYWIKFKKLIYFIVMDPFVDLAITICIVLNTLFMAMEHHPMTEEFKNVLAVGNLIFTGIFAAEMVLKLIAMDPYEYFQVGWNIFDSLIVTLSLIELFLADVEGLSVLRSFRLLRVFKLAKSWPTLNMLIKIIGNSVGALGNLTLVLAIIVFIFAVVGMQLFGKSYKECVCKINVDCKLPRWHMNDFFHSFLIVFRVLCGEWIETMWDCMEVAGQTMCLIVYMMVMVIGNLVVLNLFLALLLSSFSSDNLTAIEEDTDANNLQIAVARIKRGINYVKQTLREFILKSFSKKPKGSKDTKRTADPNNKKENYISNRTLAEMSKDHNFLKEKDRISGYGSSLDKSFMDENDYQSFIHNPSLTVTVPIAPGESDLEIMNTEELSSDSDSDYSKEKRNRSSSSECSTVDNPLPGEEEAEAEPVNADEPEACFTDGCVRRFPCCQVNVDSGKGKVWWTIRKTCYRIVEHSWFESFIVLMILLSSGALAFEDIYIEKKKTIKIILEYADKIFTYIFILEMLLKWVAYGYKTYFTNAWCWLDFLIVDVSLVTLVANTLGYSDLGPIKSLRTLRALRPLRALSRFEGMRVVVNALIGAIPSIMNVLLVCLIFWLIFSIMGVNLFAGKFYECVNTTDGSRFPTSQVANRSECFALMNVSGNVRWKNLKVNFDNVGLGYLSLLQVATFKGWMDIMYAAVDSVNVNEQPKYEYSLYMYIYFVIFIIFGSFFTLNLFIGVIIDNFNQQKKKLGGQDIFMTEEQKKYYNAMKKLGSKKPQKPIPRPGNKFQGCIFDLVTNQAFDITIMVLICLNMVTMMVEKEGQTEYMDYVLHWINMVFIILFTGECVLKLISLRHYYFTVGWNIFDFVVVILSIVGMFLAEMIEKYFVSPTLFRVIRLARIGRILRLIKGAKGIRTLLFALMMSLPALFNIGLLLFLVMFIYAIFGMSNFAYVKKEAGINDMFNFETFGNSMICLFQITTSAGWDGLLAPILNSAPPDCDPKKVHPGSSVEGDCGNPSVGIFYFVSYIIISFLVVVNMYIAVILENFSVATEESTEPLSEDDFEMFYEVWEKFDPDATQFIEFCKLSDFAAALDPPLLIAKPNKVQLIAMDLPMVSGDRIHCLDILFAFTKRVLGEGGEMDSLRSQMEERFMSANPSKVSYEPITTTLKRKQEEVSATIIQRAYRRYRLRQHVKNISSIYIKDGDRDDDLPNKEDTVFDNVNENSSPEKTDVTASTISPPSYDSVTKPDQEKYETDKTEKEDKEKDESRK,0
OC1(Cc2ccc(Cl)cc2)OC(=O)C(=C1c1ccc(Cl)cc1)c1c[nH]c2cc(Cl)ccc12,MCNTNMSVPTDGAVTTSQIPASEQETLVRPKPLLLKLLKSVGAQKDTYTMKEVLFYLGQYIMTKRLYDEKQQHIVYCSNDLLGDLFGVPSFSVKEHRKIYTMIYRNLVVVNQQESSDS,0
COc1ccc2c(CCNC(=O)[C@H](Cc3ccncc3)NC(=O)[C@H](Cc3ccc(Cl)cc3)NC(=O)[C@H](Cc3c[nH]c4ccc(O)cc34)NC(=O)CCCN)c[nH]c2c1,NEVTLLDSRSVQGELGWIASPLEGGWEEVSIMDEKNTPIRTYQVCNVMEPSQNNWLRTDWITREGAQRVYIEIKFTLRDCNSLPGVMGTCKETFNLYYYESDNDKERFIRENQFVKIDTIAADESFTQVDIGDRIMKLNTEIRDVGPLSKKGFYLAFQDVGACIALVSVRVFYKKCPLTVR,0
OC1(Cc2ccc(F)cc2)OC(=O)C(Cc2ccc(Cl)cc2)=C1c1c[nH]c2cc(Cl)ccc12,MCNTNMSVPTDGAVTTSQIPASEQETLVRPKPLLLKLLKSVGAQKDTYTMKEVLFYLGQYIMTKRLYDEKQQHIVYCSNDLLGDLFGVPSFSVKEHRKIYTMIYRNLVVVNQQESSDS,0
CNNC(=N)NCCC[C@H](N)C(O)=O,MACPWKFLFKTKFHQYAMNGEKDINNNVEKAPCATSSPVTQDDLQYHNLSKQQNESPQPLVETGKKSPESLVKLDATPLSSPRHVRIKNWGSGMTFQDTLHHKAKGILTCRSKSCLGSIMTPKSLTRGPRDKPTPPDELLPQAIEFVNQYYGSFKEAKIEEHLARVEAVTKEIETTGTYQLTGDELIFATKQAWRNAPRCIGRIQWSNLQVFDARSCSTAREMFEHICRHVRYSTNNGNIRSAITVFPQRSDGKHDFRVWNAQLIRYAGYQMPDGSIRGDPANVEFTQLCIDLGWKPKYGRFDVVPLVLQANGRDPELFEIPPDLVLEVAMEHPKYEWFRELELKWYALPAVANMLLEVGGLEFPGCPFNGWYMGTEIGVRDFCDVQRYNILEEVGRRMGLETHKLASLWKDQAVVEINIAVLHSFQKQNVTIMDHHSAAESFMKYMQNEYRSRGGCPADWIWLVPPMSGSITPVFHQEMLNYVLSPFYYYQVEAWKTHVWQDEKRRPKRREIPLKVLVKAVLFACMLMRKTMASRVRVTILFATETGKSEALAWDLGALFSCAFNPKVVCMDKYRLSCLEEERLLLVVTSTFGNGDCPGNGEKLKKSLFMLKELNNKFRYAVFGLGSSMYPRFCAFAHDIDQKLSHLGASQLTPMGEGDELSGQEDAFRSWAVQTFKAACETFDVRGKQHIQIPKLYTSNVTWDPHHYRLVQDSQPLDLSKALSSMHAKNVFTMRLKSRQNLQSPTSSRATILVELSCEDGQGLNYLPGEHLGVCPGNQPALVQGILERVVDGPTPHQTVRLEALDESGSYWVSDKRLPPCSLSQALTYFLDITTPPTQLLLQKLAQVATEEPERQRLEALCQPSEYSKWKFTNSPTFLEVLEEFPSLRVSAGFLLSQLPILKPRFYSISSSRDHTPTEIHLTVAVVTYHTRDGQGPLHHGVCSTWLNSLKPQDPVPCFVRNASGFHLPEDPSHPCILIGPGTGIAPFRSFWQQRLHDSQHKGVRGGRMTLVFGCRRPDEDHIYQEEMLEMAQKGVLHAVHTAYSRLPGKPKVYVQDILRQQLASEVLRVLHKEPGHLYVCGDVRMARDVAHTLKQLVAAKLKLNEEQVEDYFFQLKSQKRYHEDIFGAVFPYEAKKDRVAVQPSSLEMSAL,0
CC(=O)Nc1cc2C(=O)c3ccccc3-c2cc1[N+]([O-])=O,MSGETTRLTEPQLRELAARGAAELDGATATDMLRWTDETFGDIGGAGGGVSGHRGWTTCNYVVASNMADAVLVDLAAKVRPGVPVIFLDTGYHFVETIGTRDAIESVYDVRVLNVTPEHTVAEQDELLGKDLFARNPHECCRLRKVVPLGKTLRGYSAWVTGLRRVDAPTRANAPLVSFDETFKLVKVNPLAAWTDQDVQEYIADNDVLVNPLVREGYPSIGCAPCTAKPAEGADPRSGRWQGLAKTECGLHAS,0
CSc1nc(N)nc2nc[nH]c12,MADPRPDPDELARRAAQVIADRTGIGEHDVAVVLGSGWLPAVAALGSPTTVLPQAELPGFVPPTAAGHAGELLSVPIGAHRVLVLAGRIHAYEGHDLRYVVHPVRAARAAGAQIMVLTNAAGGLRADLQVGQPVLISDHLNLTARSPLVGGEFVDLTDAYSPRLRELARQSDPQLAEGVYAGLPGPHYETPAEIRMLQTLGADLVGMSTVHETIAARAAGAEVLGVSLVTNLAAGITGEPLSHAEVLAAGAASATRMGALLADVIARF,0
CC[C@H](C)[C@H](NC(=O)[C@H](CCCNC(N)=N)NC(=O)[C@H](Cc1c[nH]c2ccccc12)NC(C)=O)C(=O)N[C@@H](C)C(=O)N[C@@H](CCCNC(N)=N)C(=O)N[C@@H](CC(C)C)C(=O)N[C@@H](CCC(O)=O)C(=O)N[C@@H](CCC(O)=O)C(=O)N[C@@H](CCCCN)C(=O)N[C@@H](C(C)C)C(=O)N[C@@H](CCCCN)C(=O)N[C@@H]([C@@H](C)O)C(=O)N[C@@H](CC(C)C)C(=O)N[C@@H](CCCCN)C(=O)N[C@@H](C)C(=O)N[C@@H](CCC(N)=O)C(=O)N[C@@H](CC(N)=O)C(=O)N[C@@H](CO)C(=O)N[C@@H](CCC(O)=O)C(=O)N[C@@H](CC(C)C)C(=O)N[C@@H](C)C(=O)N[C@@H](CO)C(=O)N[C@@H]([C@@H](C)O)C(=O)N[C@@H](C)C(=O)N[C@@H](CC(N)=O)C(=O)N[C@@H](CCSC)C(=O)N[C@@H](CC(C)C)C(=O)N[C@@H](CCCNC(N)=N)C(=O)N[C@@H](CCC(O)=O)C(=O)N[C@@H](CCC(N)=O)C(=O)N[C@@H](C(C)C)C(=O)N[C@@H](C)C(=O)N[C@@H](CCC(N)=O)C(=O)N[C@@H](CC(C)C)C(=O)N[C@@H](CCCCN)C(=O)N[C@@H](CCC(N)=O)C(=O)N[C@@H](CCCCN)C(=O)N[C@@H](C(C)C)C(=O)N[C@@H](CS)C(=O)N[C@@H](CS)C(N)=O,MTAKMETTFYDDALNASFLPSESGPYGYSNPKILKQSMTLNLADPVGSLKPHLRAKNSDLLTSPDVGLLKLASPELERLIIQSSNGHITTTPTPTQFLCPKNVTDEQEGFAEGFVRALAELHSQNTLPSVTSAAQPVNGAGMVAPAVASVAGGSGSGGFSASLHSEPPVYANLSNFNPGALSSGGGAPSYGAAGLAFPAQPQQQQQPPHHLPQQMPVQHPRLQALKEEPQTVPEMPGETPPLSPIDMESQERIKAERKRMRNRIAASKCRKRKLERIARLEEKVKTLKAQNSELASTANMLREQVAQLKQKVMNHVNSGCQLMLTQQLQTF,0
CC(C)C[C@H](NC(=O)[C@H](CC(O)=O)NC(=O)[C@H](CC(C)C)NC(=O)[C@]1(C)CCCCCCCCCCCC[C@](C)(NC(=O)CNC(=O)[C@H](CCC(N)=O)NC(=O)COCCOCCNC(=S)Nc2ccc3c(c2)C(=O)OC32c3ccc(O)cc3Oc3cc(O)ccc23)C(=O)N[C@@H](Cc2c[nH]c3ccccc23)C(=O)N[C@@H](CC(O)=O)C(=O)N1)C(=O)N[C@@H](C)C(=O)N[C@@H](CO)C(N)=O,MDKNELVQKAKLAEQAERYDDMAACMKSVTEQGAELSNEERNLLSVAYKNVVGARRSSWRVVSSIEQKTEGAEKKQQMAREYREKIETELRDICNDVLSLLEKFLIPNASQAESKVFYLKMKGDYYRYLAEVAAGDDKKGIVDQSQQAYQEAFEISKKEMQPTHPIRLGLALNFSVFYYEILNSPEKACSLAKTAFDEAIAELDTLSEESYKDSTLIMQLLRDNLTLWTSDTQGDEAEAGEGGEN,0
COc1ccc(CCN(CCC[C@](C)(C#N)c2ccc(OC)c(OC)c2)C(C)C)cc1OC,MALRGFCSADGSDPLWDWNVTWNTSNPDFTKCFQNTVLVWVPCFYLWACFPFYFLYLSRHDRGYIQMTPLNKTKTALGFLLWIVCWADLFYSFWERSRGIFLAPVFLVSPTLLGITMLLATFLIQLERRKGVQSSGIMLTFWLVALVCALAILRSKIMTALKEDAQVDLFRDITFYVYFSLLLIQLVLSCFSDRSPLFSETIHDPNPCPESSASFLSRITFWWITGLIVRGYRQPLEGSDLWSLNKEDTSEQVVPVLVKNWKKECAKTRKQPVKVVYSSKDPAQPKESSKVDANEEVEALIVKSPQKEWNPSLFKVLYKTFGPYFLMSFFFKAIHDLMMFSGPQILKLLIKFVNDTKAPDWQGYFYTVLLFVTACLQTLVLHQYFHICFVSGMRIKTAVIGAVYRKALVITNSARKSSTVGEIVNLMSVDAQRFMDLATYINMIWSAPLQVILALYLLWLNLGPSVLAGVAVMVLMVPVNAVMAMKTKTYQVAHMKSKDNRIKLMNEILNGIKVLKLYAWELAFKDKVLAIRQEELKVLKKSAYLSAVGTFTWVCTPFLVALCTFAVYVTIDENNILDAQTAFVSLALFNILRFPLNILPMVISSIVQASVSLKRLRIFLSHEELEPDSIERRPVKDGGGTNSITVRNATFTWARSDPPTLNGITFSIPEGALVAVVGQVGCGKSSLLSALLAEMDKVEGHVAIKGSVAYVPQQAWIQNDSLRENILFGCQLEEPYYRSVIQACALLPDLEILPSGDRTEIGEKGVNLSGGQKQRVSLARAVYSNADIYLFDDPLSAVDAHVGKHIFENVIGPKGMLKNKTRILVTHSMSYLPQVDVIIVMSGGKISEMGSYQELLARDGAFAEFLRTYASTEQEQDAEENGVTGVSGPGKEAKQMENGMLVTDSAGKQLQRQLSSSSSYSGDISRHHNSTAELQKAEAKKEETWKLMEADKAQTGQVKLSVYWDYMKAIGLFISFLSIFLFMCNHVSALASNYWLSLWTDDPIVNGTQEHTKVRLSVYGALGISQGIAVFGYSMAVSIGGILASRCLHVDLLHSILRSPMSFFERTPSGNLVNRFSKELDTVDSMIPEVIKMFMGSLFNVIGACIVILLATPIAAIIIPPLGLIYFFVQRFYVASSRQLKRLESVSRSPVYSHFNETLLGVSVIRAFEEQERFIHQSDLKVDENQKAYYPSIVANRWLAVRLECVGNCIVLFAALFAVISRHSLSAGLVGLSVSYSLQVTTYLNWLVRMSSEMETNIVAVERLKEYSETEKEAPWQIQETAPPSSWPQVGRVEFRNYCLRYREDLDFVLRHINVTINGGEKVGIVGRTGAGKSSLTLGLFRINESAEGEIIIDGINIAKIGLHDLRFKITIIPQDPVLFSGSLRMNLDPFSQYSDEEVWTSLELAHLKDFVSALPDKLDHECAEGGENLSVGQRQLVCLARALLRKTKILVLDEATAAVDLETDDLIQSTIRTQFEDCTVLTIAHRLNTIMDYTRVIVLDKGEIQEYGAPSDLLQQRGLFYSMAKDAGLV,0
CCCCC\C=C/C\C=C/C\C=C/C\C=C/CCCC(=O)NCCO,MASLKDLEGKWRLMESHGFEEYMKELGVGLALRKMAAMAKPDCIITCDGNNITVKTESTVKTTVFSCNLGEKFDETTADGRKTETVCTFQDGALVQHQQWDGKESTITRKLKDGKMIVECVMNNATCTRVYEKVQ,0
C[C@H]1CC[C@]2(C)O[C@]3(C)CC[C@@H]4O[C@@H]5C[C@@H]6O[C@@H]7C[C@H](O)[C@@](C)(CCO)O[C@H]7C[C@H]6O[C@H]5C[C@H]4O[C@H]3C[C@H]2O[C@H]2C[C@H]3O[C@H]4C[C@H]5O[C@@H](C(=C)C[C@@H]5O[C@]4(C)[C@H](O)[C@@H]3O[C@H]12)[C@](C)(O)\C=C\C(=C)CC=C,MREYKLVVLGSGGVGKSALTVQFVQGIFVEKYDPTIEDSYRKQVEVDCQQCMLEILDTAGTEQFTAMRDLYMKNGQGFALVYSITAQSTFNDLQDLREQILRVKDTEDVPMILVGNKCDLEDERVVGKEQGQNLARQWCNCAFLESSAKSKINVNEIFYDLVRQINRKTPVEKKKPKKKSCLLL,0
Cc1nc(N=Nc2ccc(C(O)=O)c(Cl)c2)c(COP(O)(O)=O)c(C=O)c1O,MTEVLWPAVPNGTDAAFLAGPGSSWGNSTVASTAAVSSSFKCALTKTGFQFYYLPAVYILVFIIGFLGNSVAIWMFVFHMKPWSGISVYMFNLALADFLYVLTLPALIFYYFNKTDWIFGDAMCKLQRFIFHVNLYGSILFLTCISAHRYSGVVYPLKSLGRLKKKNAICISVLVWLIVVVAISPILFYSGTGVRKNKTITCYDTTSDEYLRSYFIYSMCTTVAMFCVPLVLILGCYGLIVRALIYKDLDNSPLRRKSIYLVIIVLTVFAVSYIPFHVMKTMNLRARLDFQTPAMCAFNDRVYATYQVTRGLASLNSCVDPILYFLAGDTFRRRLSRATRKASRRSEANLQSKSEDMTLNILPEFKQNGDTSL,0
C[C@H](CCCC(C)(C)O)[C@H]1CC[C@H]2[C@@H]3CC=C4C[C@@H](O)CC[C@]4(C)[C@H]3CC[C@]12C,MGKAAAPSRGGGCGGRSRGLSSLFTVVPCLSCHTAAPGMSASTSGSGPEPKPQPQPVPEPERGPLSEQVSEAVSEAVPRSEPVSETTSEPEPGAGQPSELLQGSRPGSESSSGVGAGPFTKAASEPLSRAVGSATFLRPESGSLPALKPLPLLRPGQAKTPLGVPMSGTGTTSSAPLALLPKAVRVMNTHSDDSGDDDEATTPADKSELHHTLKNLSLKLDDLSTCNDLIAKHGAALQRSLTELDGLKIPSESGEKLKVVNERATLFRITSNAMINACRDFLELAEIHSRKWQRALQYEQEQRVHLEETIEQLAKQHNSLERAFHSAPGRPANPSKSFIEGSLLTPKGEDSEEDEDTEYFDAMEDSTSFITVITEAKEDSRKAEGSTGTSSVDWSSADNVLDGASLVPKGSSKVKRRVRIPNKPNYSLNLWSIMKNCIGRELSRIPMPVNFNEPLSMLQRLTEDLEYHHLLDKAVHCTSSVEQMCLVAAFSVSSYSTTVHRIAKPFNPMLGETFELDRLDDMGLRSLCEQVSHHPPSAAHYVFSKHGWSLWQEITISSKFRGKYISIMPLGAIHLEFQASGNHYVWRKSTSTVHNIIVGKLWIDQSGDIEIVNHKTNDRCQLKFLPYSYFSKEAARKVTGVVSDSQGKAHYVLSGSWDEQMECSKVMHSSPSSPSSDGKQKTVYQTLSAKLLWKKYPLPENAENMYYFSELALTLNEHEEGVAPTDSRLRPDQRLMEKGRWDEANTEKQRLEEKQRLSRRRRLEACGPGSSCSSEEEKEADAYTPLWFEKRLDPLTGEMACVYKGGYWEAKEKQDWHMCPNIF,1
CC(=O)C1Nc2c(NC1(C)C)nc(N)[nH]c2=O,MEDHMFGVQQIQPNVISVRLFKRKVGGLGFLVKERVSKPPVIISDLIRGGAAEQSGLIQAGDIILAVNGRPLVDLSYDSALEVLRGIASETHVVLILRGPEGFTTHLETTFTGDGTPKTIRVTQPLGPPTKAVDLSHQPPAGKEQPLAVDGASGPGNGPQHAYDDGQEAGSLPHANGLAPRPPGQDPAKKATRVSLQGRGENNELLKEIEPVLSLLTSGSRGVKGGAPAKAEMKDMGIQVDRDLDGKSHKPLPLGVENDRVFNDLWGKGNVPVVLNNPYSEKEQPPTSGKQSPTKNGSPSKCPRFLKVKNWETEVVLTDTLHLKSTLETGCTEYICMGSIMHPSQHARRPEDVRTKGQLFPLAKEFIDQYYSSIKRFGSKAHMERLEEVNKEIDTTSTYQLKDTELIYGAKHAWRNASRCVGRIQWSKLQVFDARDCTTAHGMFNYICNHVKYATNKGNLRSAITIFPQRTDGKHDFRVWNSQLIRYAGYKQPDGSTLGDPANVQFTEICIQQGWKPPRGRFDVLPLLLQANGNDPELFQIPPELVLEVPIRHPKFEWFKDLGLKWYGLPAVSNMLLEIGGLEFSACPFSGWYMGTEIGVRDYCDNSRYNILEEVAKKMNLDMRKTSSLWKDQALVEINIAVLYSFQSDKVTIVDHHSATESFIKHMENEYRCRGGCPADWVWIVPPMSGSITPVFHQEMLNYRLTPSFEYQPDPWNTHVWKGTNGTPTKRRAIGFKKLAEAVKFSAKLMGQAMAKRVKATILYATETGKSQAYAKTLCEIFKHAFDAKVMSMEEYDIVHLEHETLVLVVTSTFGNGDPPENGEKFGCALMEMRHPNSVQEERKSYKVRFNSVSSYSDSQKSSGDGPDLRDNFESAGPLANVRFSVFGLGSRAYPHFCAFGHAVDTLLEELGGERILKMREGDELCGQEEAFRTWAKKVFKAACDVFCVGDDVNIEKANNSLISNDRSWKRNKFRLTFVAEAPELTQGLSNVHKKRVSAARLLSRQNLQSPKSSRSTIFVRLHTNGSQELQYQPGDHLGVFPGNHEDLVNALIERLEDAPPVNQMVKVELLEERNTALGVISNWTDELRLPPCTIFQAFKYYLDITTPPTPLQLQQFASLATSEKEKQRLLVLSKGLQEYEEWKWGKNPTIVEVLEEFPSIQMPATLLLTQLSLLQPRYYSISSSPDMYPDEVHLTVAIVSYRTRDGEGPIHHGVCSSWLNRIQADELVPCFVRGAPSFHLPRNPQVPCILVGPGTGIAPFRSFWQQRQFDIQHKGMNPCPMVLVFGCRQSKIDHIYREETLQAKNKGVFRELYTAYSREPDKPKKYVQDILQEQLAESVYRALKEQGGHIYVCGDVTMAADVLKAIQRIMTQQGKLSAEDAGVFISRMRDDNRYHEDIFGVTLRTYEVTNRLRSESIAFIEESKKDTDEVFSS,0
CCO[C@@H](Cc1ccc(OCC=C(c2ccc(cc2)-c2ccccc2)c2ccc(cc2)-c2ccccc2)cc1)C(O)=O,MEQPQEEAPEVREEEEKEEVAEAEGAPELNGGPQHALPSSSYTDLSRSSSPPSLLDQLQMGCDGASCGSLNMECRVCGDKASGFHYGVHACEGCKGFFRRTIRMKLEYEKCERSCKIQKKNRNKCQYCRFQKCLALGMSHNAIRFGRMPEAEKRKLVAGLTANEGSQYNPQVADLKAFSKHIYNAYLKNFNMTKKKARSILTGKASHTAPFVIHDIETLWQAEKGLVWKQLVNGLPPYKEISVHVFYRCQCTTVETVRELTEFAKSIPSFSSLFLNDQVTLLKYGVHEAIFAMLASIVNKDGLLVANGSGFVTREFLRSLRKPFSDIIEPKFEFAVKFNALELDDSDLALFIAAIILCGDRPGLMNVPRVEAIQDTILRALEFHLQANHPDAQYLFPKLLQKMADLRQLVTEHAQMMQRIKKTETETSLHPLLQEIYKDMY,0
Cc1nc(c(s1)-c1nc[nH]n1)C(F)(F)F,MPEAPPLLLAAVLLGLVLLVVLLLLLRHWGWGLCLIGWNEFILQPIHNLLMGDTKEQRILNHVLQHAEPGNAQSVLEAIDTYCEQKEWAMNVGDKKGKIVDAVIQEHQPSVLLELGAYCGYSAVRMARLLSPGARLITIEINPDCAAITQRMVDFAGVKDKVTLVVGASQDIIPQLKKKYDVDTLDMVFLDHWKDRYLPDTLLLEECGLLRKGTVLLADNVICPGAPDFLAHVRGSSCFECTHYQSFLEYREVVDGLEKAIYKGPGSEAGP,0
COc1cc2nc(nc(NCCCCCN3CCCC3)c2cc1OC)N1CCCC1,MGEGGAAAALVAAAAAAAAAAAAVVAGQRRRRLGRRARCHGPGRAAGGKMSKPCAVEAAAAAVAATAPGPEMVERRGPGRPRTDGENVFTGQSKIYSYMSPNKCSGMRFPLQEENSVTHHEVKCQGKPLAGIYRKREEKRNAGNAVRSAMKSEEQKIKDARKGPLVPFPNQKSEAAEPPKTPPSSCDSTNAAIAKQALKKPIKGKQAPRKKAQGKTQQNRKLTDFYPVRRSSRKSKAELQSEERKRIDELIESGKEEGMKIDLIDGKGRGVIATKQFSRGDFVVEYHGDLIEITDAKKREALYAQDPSTGCYMYYFQYLSKTYCVDATRETNRLGRLINHSKCGNCQTKLHDIDGVPHLILIASRDIAAGEELLYDYGDRSKASIEAHPWLKH,0
FC(F)CN1C[C@@H]([C@H](C1)C(=O)Nc1ccc(cc1F)-n1ccccc1=O)C(=O)Nc1ccc(Cl)cn1,MGRPLHLVLLSASLAGLLLLGESLFIRREQANNILARVTRANSFLEEMKKGHLERECMEETCSYEEAREVFEDSDKTNEFWNKYKDGDQCETSPCQNQGKCKDGLGEYTCTCLEGFEGKNCELFTRKLCSLDNGDCDQFCHEEQNSVVCSCARGYTLADNGKACIPTGPYPCGKQTLERRKRSVAQATSSSGEAPDSITWKPYDAADLDPTENPFDLLDFNQTQPERGDNNLTRIVGGQECKDGECPWQALLINEENEGFCGGTILSEFYILTAAHCLYQAKRFKVRVGDRNTEQEEGGEAVHEVEVVIKHNRFTKETYDFDIAVLRLKTPITFRMNVAPACLPERDWAESTLMTQKTGIVSGFGRTHEKGRQSTRLKMLEVPYVDRNSCKLSSSFIITQNMFCAGYDTKQEDACQGDSGGPHVTRFKDTYFVTGIVSWGEGCARKGKYGIYTKVTAFLKWIDRSMKTRGLPKAKSHAPEVITSSPLK,1
